dataset_group,project_version,task_id,title,image_url,condition,annotator_id,active_time,iou,iou_manual,iou_corner,rmse_px,layout_2d_iou,layout_3d_iou,layout_depth_rmse,layout_delta1,layout_used,layout_gate_reason,reliability_used,reliability_gate_reason,pointwise_rmse_px,pointwise_rmse_used,pointwise_best_shift,pointwise_gate_reason,boundary_mse,boundary_rmse_px,pred_n_points,pred_n_pairs,pred_pair_coverage,pred_odd_points,ann_n_points,ann_n_pairs,ann_pair_coverage,ann_odd_points,pairing_warning,pairing_failure_reason,boundary_method_used,consensus_uid,iou_to_consensus,consensus_uid_loo,iou_to_consensus_loo,iou_to_others_median,quality,scope,difficulty,model_issue,tool_issue,scope_missing,is_oos,is_occlusion,is_fail,is_residual,is_normal,n_corners,has_manual_poly,task_scope_n_total,task_scope_n_in_scope,task_scope_n_oos,task_scope_n_unknown,task_scope_oos_rate,task_scope_unknown_rate,task_scope_majority,task_scope_is_mixed,task_scope_has_unknown,analysis_role
Manual_Test,v1.0,459,b8cTxDM8gDG_f63819c407e64c2897b703080766cb60.png,http://106.53.106.49:8000/data/mp3d_layout/test/img/b8cTxDM8gDG_f63819c407e64c2897b703080766cb60.png,semi,2,188.28199999999998,1.0,1.0,1.0,0.0,,,,,False,scope_missing,False,scope_missing,0.0,True,0,,0.0,0.0,8,4,1.0,False,8,4,1.0,False,False,,connect,,,,,,normal,,,,,True,,False,False,False,,8,True,1,0,0,1,0.0,1.0,unknown,False,True,performance
Manual_Test,v1.0,461,rPc6DW4iMge_7316bf706e0d46368334c0c989210e09.png,http://106.53.106.49:8000/data/mp3d_layout/test/img/rPc6DW4iMge_7316bf706e0d46368334c0c989210e09.png,semi,2,7.509,1.0,1.0,1.0,0.0,,,,,False,scope_missing,False,scope_missing,0.0,True,0,,0.0,0.0,8,4,1.0,False,8,4,1.0,False,False,,connect,,,,,,normal,,,,,True,,False,False,False,,8,True,1,0,0,1,0.0,1.0,unknown,False,True,performance
Manual_Test,v1.0,462,UwV83HsGsw3_8e9c912f525744eeaea21083a20a1596.png,http://106.53.106.49:8000/data/mp3d_layout/test/img/UwV83HsGsw3_8e9c912f525744eeaea21083a20a1596.png,semi,2,2121.889,0.8862438676752229,,0.8862438676752229,9.109371777684927,,,,,False,scope_missing,False,scope_missing,,False,,n_pairs_mismatch,101.96075439453125,10.097561804442261,12,6,1.0,False,8,4,1.0,False,False,,connect,,,,,,complex,,,,,True,,False,False,False,,8,False,1,0,0,1,0.0,1.0,unknown,False,True,performance
Manual_Test,v1.0,463,uNb9QFRL6hY_01ea3de3141a4adaa917cebb3db3c086.png,http://106.53.106.49:8000/data/mp3d_layout/test/img/uNb9QFRL6hY_01ea3de3141a4adaa917cebb3db3c086.png,semi,2,80.294,1.0,1.0,1.0,0.0,,,,,False,scope_missing,False,scope_missing,0.0,True,0,,0.0,0.0,12,6,1.0,False,12,6,1.0,False,False,,connect,,,,,,normal,,,,,True,,False,False,False,,12,True,1,0,0,1,0.0,1.0,unknown,False,True,performance
Manual_Test,v1.0,464,Z6MFQCViBuw_451088e169fd4fe3b14d1f26b18d9a27.png,http://106.53.106.49:8000/data/mp3d_layout/test/img/Z6MFQCViBuw_451088e169fd4fe3b14d1f26b18d9a27.png,semi,2,320.776,1.0,1.0,1.0,0.0,,,,,False,scope_missing,False,scope_missing,0.0,True,0,,0.0,0.0,8,4,1.0,False,8,4,1.0,False,False,,connect,,,,,,unknown,,,,,True,,False,False,False,,8,True,1,0,0,1,0.0,1.0,unknown,False,True,performance
Manual_Test,v1.0,465,B6ByNegPMKs_e52609aae11f42a79f6cf50360180fd5.png,http://106.53.106.49:8000/data/mp3d_layout/test/img/B6ByNegPMKs_e52609aae11f42a79f6cf50360180fd5.png,semi,2,147.437,1.0,1.0,1.0,0.0,,,,,False,scope_missing,False,scope_missing,0.0,True,0,,0.0,0.0,8,4,1.0,False,8,4,1.0,False,False,,connect,,,,,,unknown,,,,,True,,False,False,False,,8,True,1,0,0,1,0.0,1.0,unknown,False,True,performance
Manual_Test,v1.0,474,uNb9QFRL6hY_8b6f1b0b025848b482e747ab6a027b97.png,http://106.53.106.49:8000/data/mp3d_layout/test/img/uNb9QFRL6hY_8b6f1b0b025848b482e747ab6a027b97.png,semi,1,27.499,1.0,1.0,1.0,0.0,1.0,1.0,0.0,1.0,True,,False,excluded_from_consensus,0.0,True,0,,0.0,0.0,12,6,1.0,False,12,6,1.0,False,False,,connect,,,,,,normal,normal,,,,False,False,False,False,False,True,12,True,4,3,1,0,0.25,0.0,in_scope,True,False,performance
Manual_Test,v1.0,474,uNb9QFRL6hY_8b6f1b0b025848b482e747ab6a027b97.png,http://106.53.106.49:8000/data/mp3d_layout/test/img/uNb9QFRL6hY_8b6f1b0b025848b482e747ab6a027b97.png,semi,2,628.372,1.0,1.0,1.0,0.0,,,,,False,out_of_scope,False,oos_or_unknown,0.0,True,0,,0.0,0.0,12,6,1.0,False,12,6,1.0,False,False,,connect,,,,,,occlusion;oos_insufficient;residual,oos_insufficient,occlusion;residual,,,False,True,True,False,True,False,12,True,4,3,1,0,0.25,0.0,in_scope,True,False,performance
Manual_Test,v1.0,474,uNb9QFRL6hY_8b6f1b0b025848b482e747ab6a027b97.png,http://106.53.106.49:8000/data/mp3d_layout/test/img/uNb9QFRL6hY_8b6f1b0b025848b482e747ab6a027b97.png,semi,3,1124.848,0.9604076246752072,1.0,0.9604076246752072,3.376038620624595,0.9945566253640641,0.992865990271136,0.01961585134267807,1.0,True,,False,excluded_from_consensus,3.3200874521618315,True,0,,2.0254862308502197,1.4231957809276345,12,6,1.0,False,12,6,1.0,False,False,,connect,,,,,,corner_drift;normal;occlusion,normal,occlusion,corner_drift,,False,False,True,False,False,True,12,True,4,3,1,0,0.25,0.0,in_scope,True,False,performance
Manual_Test,v1.0,474,uNb9QFRL6hY_8b6f1b0b025848b482e747ab6a027b97.png,http://106.53.106.49:8000/data/mp3d_layout/test/img/uNb9QFRL6hY_8b6f1b0b025848b482e747ab6a027b97.png,semi,4,14.729,1.0,1.0,1.0,5.84207588922869,0.9549285581803598,0.9509160409068775,0.0769195556640625,1.0,True,,False,excluded_from_consensus,4.29627237428994,True,0,,9.500301361083984,3.082255888320109,12,6,1.0,False,12,6,1.0,False,False,,connect,,,,,,normal,normal,,,,False,False,False,False,False,True,12,True,4,3,1,0,0.25,0.0,in_scope,True,False,performance
Manual_Test,v1.0,475,wc2JMjhGNzB_1d8917d25abb4a77a0da9583dc82c17c.png,http://106.53.106.49:8000/data/mp3d_layout/test/img/wc2JMjhGNzB_1d8917d25abb4a77a0da9583dc82c17c.png,semi,1,176.504,0.4161883959106334,,0.4161883959106334,121.25717910261908,0.17528231810483477,0.15979210678112998,0.8628100156784058,0.1829681396484375,True,,True,,121.07841435150611,True,0,,9416.70703125,97.03971883332103,8,4,1.0,False,8,4,1.0,False,False,,connect,2,0.7502751350402832,2,0.7502751350402832,0.7502751350402832,fail;normal,normal,,fail,,False,False,False,True,False,True,8,False,4,4,0,0,0.0,0.0,in_scope,False,False,performance
Manual_Test,v1.0,475,wc2JMjhGNzB_1d8917d25abb4a77a0da9583dc82c17c.png,http://106.53.106.49:8000/data/mp3d_layout/test/img/wc2JMjhGNzB_1d8917d25abb4a77a0da9583dc82c17c.png,semi,2,1622.9589999999998,0.4937043604887164,,0.4937043604887164,102.07304014241649,0.2767825825575233,0.2617167530943909,0.7755314111709595,0.27149200439453125,True,,True,,102.07302456452439,True,0,,10237.287109375,101.17947968523558,8,4,1.0,False,8,4,1.0,False,False,,connect,2,1.0,4,0.8105500936508179,0.8105500936508179,fail;low_quality;normal;occlusion;residual,normal,occlusion;low_quality;residual,fail,,False,False,True,True,True,True,8,False,4,4,0,0,0.0,0.0,in_scope,False,False,performance
Manual_Test,v1.0,475,wc2JMjhGNzB_1d8917d25abb4a77a0da9583dc82c17c.png,http://106.53.106.49:8000/data/mp3d_layout/test/img/wc2JMjhGNzB_1d8917d25abb4a77a0da9583dc82c17c.png,semi,3,82.489,0.4897527954083675,,0.4897527954083675,108.45972054648831,0.21027119463169547,0.19140501199424906,0.7747441530227661,0.2638225555419922,True,,True,,108.38021271344923,True,0,,9649.1259765625,98.22996475904132,8,4,1.0,False,8,4,1.0,False,False,,connect,2,0.9617724418640137,4,0.7958537340164185,0.7958537340164185,fail;low_texture;normal;occlusion;residual,normal,occlusion;low_texture;residual,fail,,False,False,True,True,True,True,8,False,4,4,0,0,0.0,0.0,in_scope,False,False,performance
Manual_Test,v1.0,475,wc2JMjhGNzB_1d8917d25abb4a77a0da9583dc82c17c.png,http://106.53.106.49:8000/data/mp3d_layout/test/img/wc2JMjhGNzB_1d8917d25abb4a77a0da9583dc82c17c.png,semi,4,32.645,0.5165761659834641,,0.5165761659834641,87.92156859532722,0.18167563464936237,0.16560189257350813,0.8973497748374939,0.20719146728515625,True,,True,,87.70383345295546,True,0,,12458.806640625,111.61902454610953,8,4,1.0,False,8,4,1.0,False,False,,connect,2,0.8105500936508179,2,0.8105500936508179,0.7958537340164185,fail;normal,normal,,fail,,False,False,False,True,False,True,8,False,4,4,0,0,0.0,0.0,in_scope,False,False,performance
Manual_Test,v1.0,476,uNb9QFRL6hY_a38a8c6dced34d8bb18fb67165c099f2.png,http://106.53.106.49:8000/data/mp3d_layout/test/img/uNb9QFRL6hY_a38a8c6dced34d8bb18fb67165c099f2.png,semi,1,65.168,0.9494358524342081,1.0,0.9494358524342081,9.579954961596567,,,,,False,out_of_scope,False,oos_or_unknown,9.520464889331002,True,0,,74.80180358886719,8.648803592917762,16,8,1.0,False,16,8,1.0,False,False,,connect,,,,,,oos_split_level,oos_split_level,,,,False,True,False,False,False,False,16,True,4,0,4,0,1.0,0.0,oos,False,False,performance
Manual_Test,v1.0,476,uNb9QFRL6hY_a38a8c6dced34d8bb18fb67165c099f2.png,http://106.53.106.49:8000/data/mp3d_layout/test/img/uNb9QFRL6hY_a38a8c6dced34d8bb18fb67165c099f2.png,semi,2,1665.756,0.9435030593246246,1.0,0.9435030593246246,13.739778931358211,,,,,False,out_of_scope,False,oos_or_unknown,,False,,odd_points,966.055419921875,31.081432076432304,16,8,1.0,False,15,7,0.9333333333333333,True,True,,connect,,,,,,oos_split_level;residual,oos_split_level,residual,,,False,True,False,False,True,False,15,True,4,0,4,0,1.0,0.0,oos,False,False,performance
Manual_Test,v1.0,476,uNb9QFRL6hY_a38a8c6dced34d8bb18fb67165c099f2.png,http://106.53.106.49:8000/data/mp3d_layout/test/img/uNb9QFRL6hY_a38a8c6dced34d8bb18fb67165c099f2.png,semi,3,155.877,0.9578051563154847,,0.9578051563154847,6.847734796529933,,,,,False,out_of_scope,False,oos_or_unknown,6.537634836122945,True,0,,34.6331787109375,5.884996067198133,16,8,1.0,False,16,8,1.0,False,False,,connect,,,,,,corner_drift;low_quality;oos_split_level;residual,oos_split_level,low_quality;residual,corner_drift,,False,True,False,False,True,False,16,False,4,0,4,0,1.0,0.0,oos,False,False,performance
Manual_Test,v1.0,476,uNb9QFRL6hY_a38a8c6dced34d8bb18fb67165c099f2.png,http://106.53.106.49:8000/data/mp3d_layout/test/img/uNb9QFRL6hY_a38a8c6dced34d8bb18fb67165c099f2.png,semi,4,238.492,1.0,1.0,1.0,0.0,,,,,False,out_of_scope,False,oos_or_unknown,0.0,True,0,,0.0,0.0,16,8,1.0,False,16,8,1.0,False,False,,connect,,,,,,oos_split_level,oos_split_level,,,,False,True,False,False,False,False,16,True,4,0,4,0,1.0,0.0,oos,False,False,performance
Manual_Test,v1.0,477,uNb9QFRL6hY_aed830f085ee4ad88ef6bed7f66f1359.png,http://106.53.106.49:8000/data/mp3d_layout/test/img/uNb9QFRL6hY_aed830f085ee4ad88ef6bed7f66f1359.png,semi,1,45.89,0.9830066561719312,1.0,0.9830066561719312,0.0,0.9272864827772112,0.9269497621535256,0.06264057010412216,0.9815139770507812,True,,False,excluded_from_consensus,,False,,n_pairs_mismatch,59.131752014160156,7.689717290912596,12,6,1.0,False,8,4,1.0,False,False,,connect,,,,,,corner_duplicate;normal,normal,,corner_duplicate,,False,False,False,False,False,True,8,True,4,3,0,1,0.0,0.25,in_scope,False,True,performance
Manual_Test,v1.0,477,uNb9QFRL6hY_aed830f085ee4ad88ef6bed7f66f1359.png,http://106.53.106.49:8000/data/mp3d_layout/test/img/uNb9QFRL6hY_aed830f085ee4ad88ef6bed7f66f1359.png,semi,2,66.32,0.9830066561719312,1.0,0.9830066561719312,4.922805022350893,,,,,False,scope_missing,False,scope_missing,,False,,n_pairs_mismatch,12.325286865234375,3.510738791940291,12,6,1.0,False,8,4,1.0,False,False,,connect,,,,,,normal,,,,,True,,False,False,False,,8,True,4,3,0,1,0.0,0.25,in_scope,False,True,performance
Manual_Test,v1.0,477,uNb9QFRL6hY_aed830f085ee4ad88ef6bed7f66f1359.png,http://106.53.106.49:8000/data/mp3d_layout/test/img/uNb9QFRL6hY_aed830f085ee4ad88ef6bed7f66f1359.png,semi,3,105.164,0.9683685948860179,,0.9683685948860179,8.480510104196863,0.8589582588423764,0.8327218200600542,0.1526901125907898,0.6330471038818359,True,,False,excluded_from_consensus,,False,,n_pairs_mismatch,107.66680145263672,10.376261439104004,12,6,1.0,False,8,4,1.0,False,False,,connect,,,,,,corner_duplicate;low_texture;normal;occlusion;residual,normal,occlusion;low_texture;residual,corner_duplicate,,False,False,True,False,True,True,8,False,4,3,0,1,0.0,0.25,in_scope,False,True,performance
Manual_Test,v1.0,477,uNb9QFRL6hY_aed830f085ee4ad88ef6bed7f66f1359.png,http://106.53.106.49:8000/data/mp3d_layout/test/img/uNb9QFRL6hY_aed830f085ee4ad88ef6bed7f66f1359.png,semi,4,11.018,1.0,1.0,1.0,12.810226163675667,0.9737734143951712,0.9645318634334362,0.03763287514448166,0.9966087341308594,True,,False,excluded_from_consensus,12.665317329681221,True,0,,16.851224899291992,4.105024348197218,12,6,1.0,False,12,6,1.0,False,False,,connect,,,,,,normal,normal,,,,False,False,False,False,False,True,12,True,4,3,0,1,0.0,0.25,in_scope,False,True,performance
Manual_Test,v1.0,479,e9zR4mvMWw7_0ee61863ec0c4c06bac95fb886e98945.png,http://106.53.106.49:8000/data/mp3d_layout/test/img/e9zR4mvMWw7_0ee61863ec0c4c06bac95fb886e98945.png,semi,1,14.294,1.0,1.0,1.0,0.0,1.0,1.0,0.0,1.0,True,,False,excluded_from_consensus,0.0,True,0,,0.0,0.0,8,4,1.0,False,8,4,1.0,False,False,,connect,,,,,,normal,normal,,,,False,False,False,False,False,True,8,True,4,3,0,1,0.0,0.25,in_scope,False,True,performance
Manual_Test,v1.0,479,e9zR4mvMWw7_0ee61863ec0c4c06bac95fb886e98945.png,http://106.53.106.49:8000/data/mp3d_layout/test/img/e9zR4mvMWw7_0ee61863ec0c4c06bac95fb886e98945.png,semi,2,3.13,1.0,1.0,1.0,0.0,,,,,False,scope_missing,False,scope_missing,0.0,True,0,,0.0,0.0,8,4,1.0,False,8,4,1.0,False,False,,connect,,,,,,normal,,,,,True,,False,False,False,,8,True,4,3,0,1,0.0,0.25,in_scope,False,True,performance
Manual_Test,v1.0,479,e9zR4mvMWw7_0ee61863ec0c4c06bac95fb886e98945.png,http://106.53.106.49:8000/data/mp3d_layout/test/img/e9zR4mvMWw7_0ee61863ec0c4c06bac95fb886e98945.png,semi,3,15.603,1.0,1.0,1.0,0.0,1.0,1.0,0.0,1.0,True,,False,excluded_from_consensus,0.0,True,0,,0.0,0.0,8,4,1.0,False,8,4,1.0,False,False,,connect,,,,,,normal,normal,,,,False,False,False,False,False,True,8,True,4,3,0,1,0.0,0.25,in_scope,False,True,performance
Manual_Test,v1.0,479,e9zR4mvMWw7_0ee61863ec0c4c06bac95fb886e98945.png,http://106.53.106.49:8000/data/mp3d_layout/test/img/e9zR4mvMWw7_0ee61863ec0c4c06bac95fb886e98945.png,semi,4,32.612,0.9211248221283117,1.0,0.9211248221283117,21.185900099457196,,,,,False,low_coverage,False,excluded_from_consensus,,False,,low_coverage,15114.87890625,122.94258377897383,8,4,1.0,False,8,3,0.75,False,True,,connect,,,,,,normal,normal,,,,False,False,False,False,False,True,8,True,4,3,0,1,0.0,0.25,in_scope,False,True,performance
Manual_Test,v1.0,480,e9zR4mvMWw7_0977162f6d4e47f7b3764379ba68d8db.png,http://106.53.106.49:8000/data/mp3d_layout/test/img/e9zR4mvMWw7_0977162f6d4e47f7b3764379ba68d8db.png,semi,1,9.869,1.0,1.0,1.0,0.0,1.0,1.0,0.0,1.0,True,,False,excluded_from_consensus,0.0,True,0,,0.0,0.0,8,4,1.0,False,8,4,1.0,False,False,,connect,,,,,,normal,normal,,,,False,False,False,False,False,True,8,True,4,3,0,1,0.0,0.25,in_scope,False,True,performance
Manual_Test,v1.0,480,e9zR4mvMWw7_0977162f6d4e47f7b3764379ba68d8db.png,http://106.53.106.49:8000/data/mp3d_layout/test/img/e9zR4mvMWw7_0977162f6d4e47f7b3764379ba68d8db.png,semi,2,11.456,1.0,1.0,1.0,0.0,,,,,False,scope_missing,False,scope_missing,0.0,True,0,,0.0,0.0,8,4,1.0,False,8,4,1.0,False,False,,connect,,,,,,normal,,,,,True,,False,False,False,,8,True,4,3,0,1,0.0,0.25,in_scope,False,True,performance
Manual_Test,v1.0,480,e9zR4mvMWw7_0977162f6d4e47f7b3764379ba68d8db.png,http://106.53.106.49:8000/data/mp3d_layout/test/img/e9zR4mvMWw7_0977162f6d4e47f7b3764379ba68d8db.png,semi,3,159.591,1.0,1.0,1.0,2.5600000000000023,0.9739825679343299,0.9739825679343302,0.025953637436032295,1.0,True,,False,excluded_from_consensus,2.55999754622461,True,0,,1.202981948852539,1.0968053377206637,8,4,1.0,False,8,4,1.0,False,False,,connect,,,,,,corner_drift;normal,normal,,corner_drift,,False,False,False,False,False,True,8,True,4,3,0,1,0.0,0.25,in_scope,False,True,performance
Manual_Test,v1.0,480,e9zR4mvMWw7_0977162f6d4e47f7b3764379ba68d8db.png,http://106.53.106.49:8000/data/mp3d_layout/test/img/e9zR4mvMWw7_0977162f6d4e47f7b3764379ba68d8db.png,semi,4,11.828,1.0,,1.0,21.951258952856097,0.8823565120055231,0.8317247051393092,0.24398420751094818,0.8457660675048828,True,,False,excluded_from_consensus,21.920291421999632,True,0,,147.17379760742188,12.13152082829774,8,4,1.0,False,8,4,1.0,False,False,,connect,,,,,,normal,normal,,,,False,False,False,False,False,True,8,False,4,3,0,1,0.0,0.25,in_scope,False,True,performance
Manual_Test,v1.0,491,uNb9QFRL6hY_26b3b14f6ce047489259ab14d131122d.png,http://106.53.106.49:8000/data/mp3d_layout/test/img/uNb9QFRL6hY_26b3b14f6ce047489259ab14d131122d.png,semi,1,19.298000000000002,1.0,1.0,1.0,0.0,1.0,1.0,0.0,1.0,True,,False,excluded_from_consensus,0.0,True,0,,0.0,0.0,8,4,1.0,False,8,4,1.0,False,False,,connect,,,,,,normal;occlusion,normal,occlusion,,,False,False,True,False,False,True,8,True,4,3,0,1,0.0,0.25,in_scope,False,True,performance
Manual_Test,v1.0,491,uNb9QFRL6hY_26b3b14f6ce047489259ab14d131122d.png,http://106.53.106.49:8000/data/mp3d_layout/test/img/uNb9QFRL6hY_26b3b14f6ce047489259ab14d131122d.png,semi,2,135.21,1.0,1.0,1.0,0.0,,,,,False,scope_missing,False,scope_missing,0.0,True,0,,0.0,0.0,8,4,1.0,False,8,4,1.0,False,False,,connect,,,,,,normal,,,,,True,,False,False,False,,8,True,4,3,0,1,0.0,0.25,in_scope,False,True,performance
Manual_Test,v1.0,491,uNb9QFRL6hY_26b3b14f6ce047489259ab14d131122d.png,http://106.53.106.49:8000/data/mp3d_layout/test/img/uNb9QFRL6hY_26b3b14f6ce047489259ab14d131122d.png,semi,3,232.393,0.9863475031130946,1.0,0.9863475031130946,4.136990210285734,0.9797638098271343,0.9682836416850363,0.03603772446513176,1.0,True,,False,excluded_from_consensus,4.136985013783886,True,0,,13.772316932678223,3.7111072381000016,8,4,1.0,False,8,4,1.0,False,False,,connect,,,,,,corner_drift;normal;occlusion,normal,occlusion,corner_drift,,False,False,True,False,False,True,8,True,4,3,0,1,0.0,0.25,in_scope,False,True,performance
Manual_Test,v1.0,491,uNb9QFRL6hY_26b3b14f6ce047489259ab14d131122d.png,http://106.53.106.49:8000/data/mp3d_layout/test/img/uNb9QFRL6hY_26b3b14f6ce047489259ab14d131122d.png,semi,4,4.109,1.0,1.0,1.0,0.0,1.0,1.0,0.0,1.0,True,,False,excluded_from_consensus,0.0,True,0,,0.0,0.0,8,4,1.0,False,8,4,1.0,False,False,,connect,,,,,,normal,normal,,,,False,False,False,False,False,True,8,True,4,3,0,1,0.0,0.25,in_scope,False,True,performance
Manual_Test,v1.0,492,e9zR4mvMWw7_1daae4b7becc43949516096170ce2a76.png,http://106.53.106.49:8000/data/mp3d_layout/test/img/e9zR4mvMWw7_1daae4b7becc43949516096170ce2a76.png,semi,1,24.294,1.0,1.0,1.0,0.0,1.0,1.0,0.0,1.0,True,,False,excluded_from_consensus,0.0,True,0,,0.0,0.0,8,4,1.0,False,8,4,1.0,False,False,,connect,,,,,,normal,normal,,,,False,False,False,False,False,True,8,True,4,3,0,1,0.0,0.25,in_scope,False,True,performance
Manual_Test,v1.0,492,e9zR4mvMWw7_1daae4b7becc43949516096170ce2a76.png,http://106.53.106.49:8000/data/mp3d_layout/test/img/e9zR4mvMWw7_1daae4b7becc43949516096170ce2a76.png,semi,2,7.111,1.0,1.0,1.0,0.0,,,,,False,scope_missing,False,scope_missing,0.0,True,0,,0.0,0.0,8,4,1.0,False,8,4,1.0,False,False,,connect,,,,,,normal,,,,,True,,False,False,False,,8,True,4,3,0,1,0.0,0.25,in_scope,False,True,performance
Manual_Test,v1.0,492,e9zR4mvMWw7_1daae4b7becc43949516096170ce2a76.png,http://106.53.106.49:8000/data/mp3d_layout/test/img/e9zR4mvMWw7_1daae4b7becc43949516096170ce2a76.png,semi,3,81.968,0.9973446912566676,1.0,0.9973446912566676,0.7463618425401528,0.9966065369880766,0.9937816881531545,0.010171190835535526,1.0,True,,False,excluded_from_consensus,0.7463561789855307,True,0,,0.34244751930236816,0.5851901565323602,8,4,1.0,False,8,4,1.0,False,False,,connect,,,,,,corner_drift;normal,normal,,corner_drift,,False,False,False,False,False,True,8,True,4,3,0,1,0.0,0.25,in_scope,False,True,performance
Manual_Test,v1.0,492,e9zR4mvMWw7_1daae4b7becc43949516096170ce2a76.png,http://106.53.106.49:8000/data/mp3d_layout/test/img/e9zR4mvMWw7_1daae4b7becc43949516096170ce2a76.png,semi,4,2.226,1.0,1.0,1.0,0.0,1.0,1.0,0.0,1.0,True,,False,excluded_from_consensus,0.0,True,0,,0.0,0.0,8,4,1.0,False,8,4,1.0,False,False,,connect,,,,,,normal,normal,,,,False,False,False,False,False,True,8,True,4,3,0,1,0.0,0.25,in_scope,False,True,performance
Manual_Test,v1.0,493,e9zR4mvMWw7_f7ab5b3ece274b48be57eb65bb6d4814.png,http://106.53.106.49:8000/data/mp3d_layout/test/img/e9zR4mvMWw7_f7ab5b3ece274b48be57eb65bb6d4814.png,semi,1,178.971,0.8692310488908669,0.9526788587503159,0.8692310488908669,70.29521612857798,0.8199464212324621,0.7903523828228712,0.5383374691009521,0.709930419921875,True,,False,excluded_from_consensus,,False,,n_pairs_mismatch,5103.50341796875,71.4388089064253,16,8,1.0,False,14,7,1.0,False,False,,connect,,,,,,normal,normal,,,,False,False,False,False,False,True,14,True,3,2,0,1,0.0,0.3333333333333333,in_scope,False,True,performance
Manual_Test,v1.0,493,e9zR4mvMWw7_f7ab5b3ece274b48be57eb65bb6d4814.png,http://106.53.106.49:8000/data/mp3d_layout/test/img/e9zR4mvMWw7_f7ab5b3ece274b48be57eb65bb6d4814.png,semi,2,78.599,0.7777833479382942,1.0,0.7777833479382942,0.0,,,,,False,scope_missing,False,scope_missing,,False,,n_pairs_mismatch,1086.652587890625,32.964413962493325,16,8,1.0,False,8,4,1.0,False,False,,connect,,,,,,fail,,,,,True,,False,False,False,,8,True,3,2,0,1,0.0,0.3333333333333333,in_scope,False,True,performance
Manual_Test,v1.0,493,e9zR4mvMWw7_f7ab5b3ece274b48be57eb65bb6d4814.png,http://106.53.106.49:8000/data/mp3d_layout/test/img/e9zR4mvMWw7_f7ab5b3ece274b48be57eb65bb6d4814.png,semi,3,121.73400000000001,0.8051130063025252,,0.8051130063025252,0.0,0.9703851998161748,0.969035053328029,0.24450841546058655,0.8338890075683594,True,,False,excluded_from_consensus,,False,,n_pairs_mismatch,1117.9610595703125,33.43592468543845,16,8,1.0,False,8,4,1.0,False,False,,connect,,,,,,corner_duplicate;low_quality;normal;occlusion;overextend_adjacent,normal,occlusion;low_quality,overextend_adjacent;corner_duplicate,,False,False,True,False,False,True,8,False,3,2,0,1,0.0,0.3333333333333333,in_scope,False,True,performance
Manual_Test,v1.0,494,B6ByNegPMKs_c36b46ddcadf4896a2aa0abca657f33d.png,http://106.53.106.49:8000/data/mp3d_layout/test/img/B6ByNegPMKs_c36b46ddcadf4896a2aa0abca657f33d.png,semi,1,19.865000000000002,1.0,1.0,1.0,0.0,1.0,1.0,0.0,1.0,True,,False,excluded_from_consensus,0.0,True,0,,0.0,0.0,8,4,1.0,False,8,4,1.0,False,False,,connect,,,,,,normal,normal,,,,False,False,False,False,False,True,8,True,3,2,0,1,0.0,0.3333333333333333,in_scope,False,True,performance
Manual_Test,v1.0,494,B6ByNegPMKs_c36b46ddcadf4896a2aa0abca657f33d.png,http://106.53.106.49:8000/data/mp3d_layout/test/img/B6ByNegPMKs_c36b46ddcadf4896a2aa0abca657f33d.png,semi,2,2.935,1.0,1.0,1.0,0.0,,,,,False,scope_missing,False,scope_missing,0.0,True,0,,0.0,0.0,8,4,1.0,False,8,4,1.0,False,False,,connect,,,,,,normal,,,,,True,,False,False,False,,8,True,3,2,0,1,0.0,0.3333333333333333,in_scope,False,True,performance
Manual_Test,v1.0,494,B6ByNegPMKs_c36b46ddcadf4896a2aa0abca657f33d.png,http://106.53.106.49:8000/data/mp3d_layout/test/img/B6ByNegPMKs_c36b46ddcadf4896a2aa0abca657f33d.png,semi,3,33.071,1.0,1.0,1.0,0.0,1.0,1.0,0.0,1.0,True,,False,excluded_from_consensus,0.0,True,0,,0.0,0.0,8,4,1.0,False,8,4,1.0,False,False,,connect,,,,,,normal,normal,,,,False,False,False,False,False,True,8,True,3,2,0,1,0.0,0.3333333333333333,in_scope,False,True,performance
Manual_Test,v1.0,495,yqstnuAEVhm_66ecc07f3cda4d8ebaf84288325669f5.png,http://106.53.106.49:8000/data/mp3d_layout/test/img/yqstnuAEVhm_66ecc07f3cda4d8ebaf84288325669f5.png,semi,1,73.53399999999999,0.9764174348109161,1.0,0.9764174348109161,3.836009869854016,,,,,False,out_of_scope,False,oos_or_unknown,3.73888058377295,True,0,,7.16829252243042,2.677366714223216,12,6,1.0,False,12,6,1.0,False,False,,connect,,,,,,oos_split_level,oos_split_level,,,,False,True,False,False,False,False,12,True,3,0,2,1,0.6666666666666666,0.3333333333333333,oos,False,True,performance
Manual_Test,v1.0,495,yqstnuAEVhm_66ecc07f3cda4d8ebaf84288325669f5.png,http://106.53.106.49:8000/data/mp3d_layout/test/img/yqstnuAEVhm_66ecc07f3cda4d8ebaf84288325669f5.png,semi,2,28.64,1.0,1.0,1.0,0.0,,,,,False,scope_missing,False,scope_missing,0.0,True,0,,0.0,0.0,12,6,1.0,False,12,6,1.0,False,False,,connect,,,,,,split_level,,,,,True,,False,False,False,,12,True,3,0,2,1,0.6666666666666666,0.3333333333333333,oos,False,True,performance
Manual_Test,v1.0,495,yqstnuAEVhm_66ecc07f3cda4d8ebaf84288325669f5.png,http://106.53.106.49:8000/data/mp3d_layout/test/img/yqstnuAEVhm_66ecc07f3cda4d8ebaf84288325669f5.png,semi,3,111.666,0.9700252659053626,1.0,0.9700252659053626,9.7395645331439,,,,,False,out_of_scope,False,oos_or_unknown,,False,,odd_points,155.60382080078125,12.474126053587131,12,6,1.0,False,11,5,0.9090909090909091,True,True,,connect,,,,,,oos_split_level,oos_split_level,,,,False,True,False,False,False,False,11,True,3,0,2,1,0.6666666666666666,0.3333333333333333,oos,False,True,performance
Manual_Test,v1.0,496,7y3sRwLe3Va_6376b741b50a4418b3dc3fde791c3c09.png,http://106.53.106.49:8000/data/mp3d_layout/test/img/7y3sRwLe3Va_6376b741b50a4418b3dc3fde791c3c09.png,semi,1,39.068,1.0,1.0,1.0,0.0,,,,,False,out_of_scope,False,oos_or_unknown,0.0,True,0,,0.0,0.0,12,6,1.0,False,12,6,1.0,False,False,,connect,,,,,,oos_split_level,oos_split_level,,,,False,True,False,False,False,False,12,True,3,0,3,0,1.0,0.0,oos,False,False,performance
Manual_Test,v1.0,496,7y3sRwLe3Va_6376b741b50a4418b3dc3fde791c3c09.png,http://106.53.106.49:8000/data/mp3d_layout/test/img/7y3sRwLe3Va_6376b741b50a4418b3dc3fde791c3c09.png,semi,3,90.995,0.8653936170671135,1.0,0.8653936170671135,23.02846739872285,,,,,False,out_of_scope,False,oos_or_unknown,23.027560762866308,True,0,,784.7962646484375,28.01421540304917,12,6,1.0,False,12,6,1.0,False,False,,connect,,,,,,corner_drift;oos_split_level,oos_split_level,,corner_drift,,False,True,False,False,False,False,12,True,3,0,3,0,1.0,0.0,oos,False,False,performance
Manual_Test,v1.0,496,7y3sRwLe3Va_6376b741b50a4418b3dc3fde791c3c09.png,http://106.53.106.49:8000/data/mp3d_layout/test/img/7y3sRwLe3Va_6376b741b50a4418b3dc3fde791c3c09.png,semi,2,66.204,0.862920431382895,,0.862920431382895,27.102054378652557,,,,,False,out_of_scope,False,oos_or_unknown,27.09651171766626,True,0,,992.1912841796875,31.499067989064176,12,6,1.0,False,12,6,1.0,False,False,,connect,,,,,,low_texture;occlusion;oos_split_level,oos_split_level,occlusion;low_texture,,,False,True,True,False,False,False,12,False,3,0,3,0,1.0,0.0,oos,False,False,performance
Manual_Test,v1.0,497,uNb9QFRL6hY_d02f87bbb0414146a7a15070110a0384.png,http://106.53.106.49:8000/data/mp3d_layout/test/img/uNb9QFRL6hY_d02f87bbb0414146a7a15070110a0384.png,semi,1,13.202,1.0,1.0,1.0,0.0,1.0,1.0,0.0,1.0,True,,True,,0.0,True,0,,0.0,0.0,8,4,1.0,False,8,4,1.0,False,False,,connect,1,1.0,2,1.0,1.0,normal,normal,,,,False,False,False,False,False,True,8,True,3,3,0,0,0.0,0.0,in_scope,False,False,performance
Manual_Test,v1.0,497,uNb9QFRL6hY_d02f87bbb0414146a7a15070110a0384.png,http://106.53.106.49:8000/data/mp3d_layout/test/img/uNb9QFRL6hY_d02f87bbb0414146a7a15070110a0384.png,semi,3,30.048,1.0,1.0,1.0,0.0,1.0,1.0,0.0,1.0,True,,True,,0.0,True,0,,0.0,0.0,8,4,1.0,False,8,4,1.0,False,False,,connect,1,1.0,1,1.0,1.0,normal;occlusion,normal,occlusion,,,False,False,True,False,False,True,8,True,3,3,0,0,0.0,0.0,in_scope,False,False,performance
Manual_Test,v1.0,497,uNb9QFRL6hY_d02f87bbb0414146a7a15070110a0384.png,http://106.53.106.49:8000/data/mp3d_layout/test/img/uNb9QFRL6hY_d02f87bbb0414146a7a15070110a0384.png,semi,2,26.574,1.0,1.0,1.0,2.3649028988701315,0.9243292340026275,0.9130691657998503,0.05998509004712105,1.0,True,,True,,2.1742141531684247,True,0,,4.491902828216553,2.119410962559303,8,4,1.0,False,8,4,1.0,False,False,,connect,1,1.0,1,1.0,1.0,normal;occlusion,normal,occlusion,,,False,False,True,False,False,True,8,True,3,3,0,0,0.0,0.0,in_scope,False,False,performance
Manual_Test,v1.0,498,b8cTxDM8gDG_d38c4ae95f5b4640a2696b923b80d1f4.png,http://106.53.106.49:8000/data/mp3d_layout/test/img/b8cTxDM8gDG_d38c4ae95f5b4640a2696b923b80d1f4.png,semi,3,76.731,0.9905036585529433,1.0,0.9905036585529433,19.470713525250105,,,,,False,out_of_scope,False,oos_or_unknown,,False,,n_pairs_mismatch,1396.952880859375,37.37583284502668,16,8,1.0,False,14,7,1.0,False,False,,connect,,,,,,oos_split_level;overextend_adjacent,oos_split_level,,overextend_adjacent,,False,True,False,False,False,False,14,True,3,1,2,0,0.6666666666666666,0.0,oos,True,False,performance
Manual_Test,v1.0,498,b8cTxDM8gDG_d38c4ae95f5b4640a2696b923b80d1f4.png,http://106.53.106.49:8000/data/mp3d_layout/test/img/b8cTxDM8gDG_d38c4ae95f5b4640a2696b923b80d1f4.png,semi,2,56.963,0.6394223538380952,,0.6394223538380952,0.0,,,,,False,out_of_scope,False,oos_or_unknown,,False,,n_pairs_mismatch,114.72740173339844,10.711087794122427,16,8,1.0,False,12,6,1.0,False,False,,connect,,,,,,occlusion;oos_split_level;overextend_adjacent,oos_split_level,occlusion,overextend_adjacent,,False,True,True,False,False,False,12,False,3,1,2,0,0.6666666666666666,0.0,oos,True,False,performance
Manual_Test,v1.0,498,b8cTxDM8gDG_d38c4ae95f5b4640a2696b923b80d1f4.png,http://106.53.106.49:8000/data/mp3d_layout/test/img/b8cTxDM8gDG_d38c4ae95f5b4640a2696b923b80d1f4.png,semi,4,26.076,1.0,,1.0,0.0,1.0,1.0,0.0,1.0,True,,False,excluded_from_consensus,0.0,True,0,,0.0,0.0,16,8,1.0,False,16,8,1.0,False,False,,connect,,,,,,normal,normal,,,,False,False,False,False,False,True,16,False,3,1,2,0,0.6666666666666666,0.0,oos,True,False,performance
Manual_Test,v1.0,499,q9vSo1VnCiC_1cd414875b9b4311bc6a179d91e6270d.png,http://106.53.106.49:8000/data/mp3d_layout/test/img/q9vSo1VnCiC_1cd414875b9b4311bc6a179d91e6270d.png,semi,1,42.12,0.9687300574345884,1.0,0.9687300574345884,0.0,0.9972039708035353,0.9966018197844658,0.022348791360855103,1.0,True,,True,,,False,,n_pairs_mismatch,3.775608777999878,1.943092580913189,12,6,1.0,False,10,5,1.0,False,False,,connect,2,0.8711822032928467,2,0.8711822032928467,0.8711822032928467,normal,normal,,,,False,False,False,False,False,True,10,True,4,4,0,0,0.0,0.0,in_scope,False,False,performance
Manual_Test,v1.0,499,q9vSo1VnCiC_1cd414875b9b4311bc6a179d91e6270d.png,http://106.53.106.49:8000/data/mp3d_layout/test/img/q9vSo1VnCiC_1cd414875b9b4311bc6a179d91e6270d.png,semi,3,127.274,0.8439403608516564,,0.8439403608516564,7.249818756355229,0.899093424092084,0.8896954958140108,0.10086094588041306,1.0,True,,True,,,False,,n_pairs_mismatch,13.107490539550781,3.6204268449384225,12,6,1.0,False,8,4,1.0,False,False,,connect,2,1.0,4,0.9152792096138,0.9152792096138,corner_duplicate;normal;occlusion;overextend_adjacent,normal,occlusion,overextend_adjacent;corner_duplicate,,False,False,True,False,False,True,8,False,4,4,0,0,0.0,0.0,in_scope,False,False,performance
Manual_Test,v1.0,499,q9vSo1VnCiC_1cd414875b9b4311bc6a179d91e6270d.png,http://106.53.106.49:8000/data/mp3d_layout/test/img/q9vSo1VnCiC_1cd414875b9b4311bc6a179d91e6270d.png,semi,2,54.897999999999996,0.8439403608516564,,0.8439403608516564,0.0,0.9956810576005322,0.9940939595598346,0.020027484744787216,1.0,True,,True,,,False,,n_pairs_mismatch,2.9234561920166016,1.7098117416887164,12,6,1.0,False,8,4,1.0,False,False,,connect,2,1.0,4,0.9152792096138,0.9152792096138,corner_duplicate;normal;overextend_adjacent,normal,,overextend_adjacent;corner_duplicate,,False,False,False,False,False,True,8,False,4,4,0,0,0.0,0.0,in_scope,False,False,performance
Manual_Test,v1.0,499,q9vSo1VnCiC_1cd414875b9b4311bc6a179d91e6270d.png,http://106.53.106.49:8000/data/mp3d_layout/test/img/q9vSo1VnCiC_1cd414875b9b4311bc6a179d91e6270d.png,semi,4,18.817,0.9220578210928426,1.0,0.9220578210928426,34.351957746048384,0.9916658079815964,0.96211101194799,0.10952187329530716,0.9809589385986328,True,,True,,34.346886586182194,True,0,,116.31520080566406,10.784952517543323,12,6,1.0,False,12,6,1.0,False,False,,connect,2,0.9152792096138,2,0.9152792096138,0.9152792096138,normal,normal,,,,False,False,False,False,False,True,12,True,4,4,0,0,0.0,0.0,in_scope,False,False,performance
Manual_Test,v1.0,500,Z6MFQCViBuw_22fff6c74efb476592569c18718feb41.png,http://106.53.106.49:8000/data/mp3d_layout/test/img/Z6MFQCViBuw_22fff6c74efb476592569c18718feb41.png,semi,1,20.436,1.0,1.0,1.0,0.0,0.9942115107231585,0.9933349424349075,0.03165638819336891,1.0,True,,True,,,False,,n_pairs_mismatch,4.326939105987549,2.080129588748631,12,6,1.0,False,10,5,1.0,False,False,,connect,2,0.797660231590271,2,0.797660231590271,0.797660231590271,normal,normal,,,,False,False,False,False,False,True,10,True,4,4,0,0,0.0,0.0,in_scope,False,False,performance
Manual_Test,v1.0,500,Z6MFQCViBuw_22fff6c74efb476592569c18718feb41.png,http://106.53.106.49:8000/data/mp3d_layout/test/img/Z6MFQCViBuw_22fff6c74efb476592569c18718feb41.png,semi,3,61.912,0.7976602528019239,1.0,0.7976602528019239,0.0,0.9962567423458574,0.9947366206010421,0.01704460009932518,1.0,True,,True,,,False,,n_pairs_mismatch,1.1053366661071777,1.0513499256228527,12,6,1.0,False,8,4,1.0,False,False,,connect,2,1.0,4,0.8381608724594116,0.8381608724594116,corner_duplicate;low_quality;normal;overextend_adjacent,normal,low_quality,overextend_adjacent;corner_duplicate,,False,False,False,False,False,True,8,True,4,4,0,0,0.0,0.0,in_scope,False,False,performance
Manual_Test,v1.0,500,Z6MFQCViBuw_22fff6c74efb476592569c18718feb41.png,http://106.53.106.49:8000/data/mp3d_layout/test/img/Z6MFQCViBuw_22fff6c74efb476592569c18718feb41.png,semi,2,56.536,0.7976602528019239,1.0,0.7976602528019239,1.535999999999973,0.9862254664926012,0.9847286575936487,0.0230947844684124,1.0,True,,True,,,False,,n_pairs_mismatch,1.6192896366119385,1.2725131184439469,12,6,1.0,False,8,4,1.0,False,False,,connect,2,1.0,4,0.8381608724594116,0.8381608724594116,corner_duplicate;normal;occlusion;overextend_adjacent,normal,occlusion,overextend_adjacent;corner_duplicate,,False,False,True,False,False,True,8,True,4,4,0,0,0.0,0.0,in_scope,False,False,performance
Manual_Test,v1.0,500,Z6MFQCViBuw_22fff6c74efb476592569c18718feb41.png,http://106.53.106.49:8000/data/mp3d_layout/test/img/Z6MFQCViBuw_22fff6c74efb476592569c18718feb41.png,semi,4,29.42,0.885411899909876,,0.885411899909876,34.386469620030674,0.9336628147579304,0.7751511843400175,0.47278904914855957,0.8641872406005859,True,,True,,,False,,n_pairs_mismatch,2108.46630859375,45.91803903253873,12,6,1.0,False,16,8,1.0,False,False,,connect,2,0.8381608724594116,2,0.8381608724594116,0.8381608724594116,normal,normal,,,,False,False,False,False,False,True,16,False,4,4,0,0,0.0,0.0,in_scope,False,False,performance
Manual_Test,v1.0,501,X7HyMhZNoso_28ada927582d4d6ea7cf44cabf31527a.png,http://106.53.106.49:8000/data/mp3d_layout/test/img/X7HyMhZNoso_28ada927582d4d6ea7cf44cabf31527a.png,semi,1,18.45,1.0,1.0,1.0,0.0,1.0,1.0,0.0,1.0,True,,True,,0.0,True,0,,0.0,0.0,12,6,1.0,False,12,6,1.0,False,False,,connect,1,1.0,2,1.0,1.0,normal,normal,,,,False,False,False,False,False,True,12,True,4,4,0,0,0.0,0.0,in_scope,False,False,performance
Manual_Test,v1.0,501,X7HyMhZNoso_28ada927582d4d6ea7cf44cabf31527a.png,http://106.53.106.49:8000/data/mp3d_layout/test/img/X7HyMhZNoso_28ada927582d4d6ea7cf44cabf31527a.png,semi,3,21.39,1.0,1.0,1.0,0.0,1.0,1.0,0.0,1.0,True,,True,,0.0,True,0,,0.0,0.0,12,6,1.0,False,12,6,1.0,False,False,,connect,1,1.0,1,1.0,1.0,normal,normal,,,,False,False,False,False,False,True,12,True,4,4,0,0,0.0,0.0,in_scope,False,False,performance
Manual_Test,v1.0,501,X7HyMhZNoso_28ada927582d4d6ea7cf44cabf31527a.png,http://106.53.106.49:8000/data/mp3d_layout/test/img/X7HyMhZNoso_28ada927582d4d6ea7cf44cabf31527a.png,semi,2,29.697,1.0,1.0,1.0,0.0,1.0,1.0,0.0,1.0,True,,True,,0.0,True,0,,0.0,0.0,12,6,1.0,False,12,6,1.0,False,False,,connect,1,1.0,1,1.0,1.0,normal,normal,,,,False,False,False,False,False,True,12,True,4,4,0,0,0.0,0.0,in_scope,False,False,performance
Manual_Test,v1.0,501,X7HyMhZNoso_28ada927582d4d6ea7cf44cabf31527a.png,http://106.53.106.49:8000/data/mp3d_layout/test/img/X7HyMhZNoso_28ada927582d4d6ea7cf44cabf31527a.png,semi,4,28.233,1.0,1.0,1.0,0.0,1.0,1.0,0.0,1.0,True,,True,,0.0,True,0,,0.0,0.0,12,6,1.0,False,12,6,1.0,False,False,,connect,1,1.0,1,1.0,1.0,normal,normal,,,,False,False,False,False,False,True,12,True,4,4,0,0,0.0,0.0,in_scope,False,False,performance
Manual_Test,v1.0,502,uNb9QFRL6hY_dcb326d4bb9b4a5f8d7e565ec32bce8e.png,http://106.53.106.49:8000/data/mp3d_layout/test/img/uNb9QFRL6hY_dcb326d4bb9b4a5f8d7e565ec32bce8e.png,semi,1,14.014000000000001,1.0,1.0,1.0,0.0,1.0,1.0,0.0,1.0,True,,True,,0.0,True,0,,0.0,0.0,8,4,1.0,False,8,4,1.0,False,False,,connect,1,1.0,2,1.0,1.0,normal,normal,,,,False,False,False,False,False,True,8,True,4,4,0,0,0.0,0.0,in_scope,False,False,performance
Manual_Test,v1.0,502,uNb9QFRL6hY_dcb326d4bb9b4a5f8d7e565ec32bce8e.png,http://106.53.106.49:8000/data/mp3d_layout/test/img/uNb9QFRL6hY_dcb326d4bb9b4a5f8d7e565ec32bce8e.png,semi,3,13.989,1.0,1.0,1.0,0.0,1.0,1.0,0.0,1.0,True,,True,,0.0,True,0,,0.0,0.0,8,4,1.0,False,8,4,1.0,False,False,,connect,1,1.0,1,1.0,1.0,normal,normal,,,,False,False,False,False,False,True,8,True,4,4,0,0,0.0,0.0,in_scope,False,False,performance
Manual_Test,v1.0,502,uNb9QFRL6hY_dcb326d4bb9b4a5f8d7e565ec32bce8e.png,http://106.53.106.49:8000/data/mp3d_layout/test/img/uNb9QFRL6hY_dcb326d4bb9b4a5f8d7e565ec32bce8e.png,semi,2,33.203,1.0,1.0,1.0,0.0,1.0,1.0,0.0,1.0,True,,True,,0.0,True,0,,0.0,0.0,8,4,1.0,False,8,4,1.0,False,False,,connect,1,1.0,1,1.0,1.0,normal;occlusion,normal,occlusion,,,False,False,True,False,False,True,8,True,4,4,0,0,0.0,0.0,in_scope,False,False,performance
Manual_Test,v1.0,502,uNb9QFRL6hY_dcb326d4bb9b4a5f8d7e565ec32bce8e.png,http://106.53.106.49:8000/data/mp3d_layout/test/img/uNb9QFRL6hY_dcb326d4bb9b4a5f8d7e565ec32bce8e.png,semi,4,16.613,0.8453549668037589,,0.8453549668037589,39.56395325680181,0.6993461187144867,0.6908700948793294,0.21554651856422424,0.9270496368408203,True,,True,,39.562629591019984,True,0,,622.5613403320312,24.951179137107555,8,4,1.0,False,8,4,1.0,False,False,,connect,1,0.8453549742698669,1,0.8453549742698669,0.8453549742698669,normal,normal,,,,False,False,False,False,False,True,8,False,4,4,0,0,0.0,0.0,in_scope,False,False,performance
Manual_Test,v1.0,503,7y3sRwLe3Va_112edb40f34e470da3a5b04599e71211.png,http://106.53.106.49:8000/data/mp3d_layout/test/img/7y3sRwLe3Va_112edb40f34e470da3a5b04599e71211.png,semi,1,13.113,1.0,1.0,1.0,0.0,1.0,1.0,0.0,1.0,True,,True,,0.0,True,0,,0.0,0.0,8,4,1.0,False,8,4,1.0,False,False,,connect,3,0.9719617962837219,2,0.9681299924850464,0.9700459241867065,normal,normal,,,,False,False,False,False,False,True,8,True,3,3,0,0,0.0,0.0,in_scope,False,False,performance
Manual_Test,v1.0,503,7y3sRwLe3Va_112edb40f34e470da3a5b04599e71211.png,http://106.53.106.49:8000/data/mp3d_layout/test/img/7y3sRwLe3Va_112edb40f34e470da3a5b04599e71211.png,semi,3,284.11,0.9719617698347047,1.0,0.9719617698347047,10.991642558359828,0.8878816357283136,0.8800488810738011,0.17008452117443085,0.9964866638183594,True,,True,,10.99163847354014,True,0,,138.91162109375,11.786077426088376,8,4,1.0,False,8,4,1.0,False,False,,connect,3,1.0,1,0.9719617962837219,0.9767166376113892,corner_drift;normal;occlusion;residual,normal,occlusion;residual,corner_drift,,False,False,True,False,True,True,8,True,3,3,0,0,0.0,0.0,in_scope,False,False,performance
Manual_Test,v1.0,503,7y3sRwLe3Va_112edb40f34e470da3a5b04599e71211.png,http://106.53.106.49:8000/data/mp3d_layout/test/img/7y3sRwLe3Va_112edb40f34e470da3a5b04599e71211.png,semi,2,55.538,0.9681299724752365,1.0,0.9681299724752365,4.263727178431643,0.9844528817901254,0.9708218630858416,0.07365427166223526,1.0,True,,True,,4.251446197388262,True,0,,55.213287353515625,7.430564403429636,8,4,1.0,False,8,4,1.0,False,False,,connect,3,0.9814715385437012,1,0.9681299924850464,0.9748007655143738,corner_drift;low_texture;normal;occlusion,normal,occlusion;low_texture,corner_drift,,False,False,True,False,False,True,8,True,3,3,0,0,0.0,0.0,in_scope,False,False,performance
Manual_Test,v1.0,504,q9vSo1VnCiC_9ba6cd412cb04c5c9beb15ef9e6d22c5.png,http://106.53.106.49:8000/data/mp3d_layout/test/img/q9vSo1VnCiC_9ba6cd412cb04c5c9beb15ef9e6d22c5.png,semi,1,16.695,1.0,1.0,1.0,0.0,1.0,1.0,0.0,1.0,True,,True,,0.0,True,0,,0.0,0.0,8,4,1.0,False,8,4,1.0,False,False,,connect,1,1.0,2,1.0,1.0,normal,normal,,,,False,False,False,False,False,True,8,True,3,3,0,0,0.0,0.0,in_scope,False,False,performance
Manual_Test,v1.0,504,q9vSo1VnCiC_9ba6cd412cb04c5c9beb15ef9e6d22c5.png,http://106.53.106.49:8000/data/mp3d_layout/test/img/q9vSo1VnCiC_9ba6cd412cb04c5c9beb15ef9e6d22c5.png,semi,3,19.308,1.0,1.0,1.0,0.0,1.0,1.0,0.0,1.0,True,,True,,0.0,True,0,,0.0,0.0,8,4,1.0,False,8,4,1.0,False,False,,connect,1,1.0,1,1.0,1.0,corner_drift;normal,normal,,corner_drift,,False,False,False,False,False,True,8,True,3,3,0,0,0.0,0.0,in_scope,False,False,performance
Manual_Test,v1.0,504,q9vSo1VnCiC_9ba6cd412cb04c5c9beb15ef9e6d22c5.png,http://106.53.106.49:8000/data/mp3d_layout/test/img/q9vSo1VnCiC_9ba6cd412cb04c5c9beb15ef9e6d22c5.png,semi,2,35.176,1.0,1.0,1.0,6.1402956464183545,0.9078190412925427,0.8889253702979699,0.12004012614488602,1.0,True,,True,,6.137002823031968,True,0,,17.627784729003906,4.198545549235343,8,4,1.0,False,8,4,1.0,False,False,,connect,1,1.0,1,1.0,1.0,corner_drift;normal,normal,,corner_drift,,False,False,False,False,False,True,8,True,3,3,0,0,0.0,0.0,in_scope,False,False,performance
Manual_Test,v1.0,505,B6ByNegPMKs_48ee619d38b142f88914e7e2582bc1d8.png,http://106.53.106.49:8000/data/mp3d_layout/test/img/B6ByNegPMKs_48ee619d38b142f88914e7e2582bc1d8.png,semi,1,39.625,0.9659162250946675,1.0,0.9659162250946675,8.696719496794627,0.9964598587786955,0.9914278949606881,0.01895173266530037,1.0,True,,True,,8.688255222344344,True,0,,0.7136412262916565,0.8447728844438939,12,6,1.0,False,12,6,1.0,False,False,,connect,2,0.9026068449020386,2,0.9026068449020386,0.8616778254508972,normal,normal,,,,False,False,False,False,False,True,12,True,3,3,0,0,0.0,0.0,in_scope,False,False,performance
Manual_Test,v1.0,505,B6ByNegPMKs_48ee619d38b142f88914e7e2582bc1d8.png,http://106.53.106.49:8000/data/mp3d_layout/test/img/B6ByNegPMKs_48ee619d38b142f88914e7e2582bc1d8.png,semi,3,216.681,0.8329934895081764,1.0,0.8329934895081764,15.0298270475252,0.9095045996757739,0.771461778681359,0.44778892397880554,0.650787353515625,True,,True,,,False,,n_pairs_mismatch,573.2993774414062,23.943670926602007,12,6,1.0,False,8,4,1.0,False,False,,connect,2,0.8215146660804749,1,0.8207488059997559,0.821131706237793,corner_duplicate;corner_mismatch;low_texture;normal;occlusion,normal,occlusion;low_texture,corner_duplicate;corner_mismatch,,False,False,True,False,False,True,8,True,3,3,0,0,0.0,0.0,in_scope,False,False,performance
Manual_Test,v1.0,505,B6ByNegPMKs_48ee619d38b142f88914e7e2582bc1d8.png,http://106.53.106.49:8000/data/mp3d_layout/test/img/B6ByNegPMKs_48ee619d38b142f88914e7e2582bc1d8.png,semi,2,32.094,0.8718425685583179,1.0,0.8718425685583179,0.0,0.9762340875216018,0.9761045283499032,0.05305326357483864,1.0,True,,True,,,False,,n_pairs_mismatch,9.022493362426758,3.003746554292948,12,6,1.0,False,8,4,1.0,False,False,,connect,2,1.0,1,0.9026068449020386,0.8620607852935791,corner_drift;corner_duplicate;normal;occlusion,normal,occlusion,corner_drift;corner_duplicate,,False,False,True,False,False,True,8,True,3,3,0,0,0.0,0.0,in_scope,False,False,performance
Manual_Test,v1.0,506,B6ByNegPMKs_3ed1f9b2f3c341d68c6d42895f56f7f9.png,http://106.53.106.49:8000/data/mp3d_layout/test/img/B6ByNegPMKs_3ed1f9b2f3c341d68c6d42895f56f7f9.png,semi,1,11.652,1.0,1.0,1.0,0.0,1.0,1.0,0.0,1.0,True,,True,,0.0,True,0,,0.0,0.0,8,4,1.0,False,8,4,1.0,False,False,,connect,1,1.0,2,1.0,1.0,normal,normal,,,,False,False,False,False,False,True,8,True,3,3,0,0,0.0,0.0,in_scope,False,False,performance
Manual_Test,v1.0,506,B6ByNegPMKs_3ed1f9b2f3c341d68c6d42895f56f7f9.png,http://106.53.106.49:8000/data/mp3d_layout/test/img/B6ByNegPMKs_3ed1f9b2f3c341d68c6d42895f56f7f9.png,semi,3,41.337,1.0,1.0,1.0,0.0,1.0,1.0,0.0,1.0,True,,True,,0.0,True,0,,0.0,0.0,8,4,1.0,False,8,4,1.0,False,False,,connect,1,1.0,1,1.0,1.0,normal;occlusion,normal,occlusion,,,False,False,True,False,False,True,8,True,3,3,0,0,0.0,0.0,in_scope,False,False,performance
Manual_Test,v1.0,506,B6ByNegPMKs_3ed1f9b2f3c341d68c6d42895f56f7f9.png,http://106.53.106.49:8000/data/mp3d_layout/test/img/B6ByNegPMKs_3ed1f9b2f3c341d68c6d42895f56f7f9.png,semi,2,13.029,1.0,1.0,1.0,0.0,1.0,1.0,0.0,1.0,True,,True,,0.0,True,0,,0.0,0.0,8,4,1.0,False,8,4,1.0,False,False,,connect,1,1.0,1,1.0,1.0,normal;occlusion,normal,occlusion,,,False,False,True,False,False,True,8,True,3,3,0,0,0.0,0.0,in_scope,False,False,performance
Manual_Test,v1.0,508,Z6MFQCViBuw_80cd596c480c4f72a7457433b862d179.png,http://106.53.106.49:8000/data/mp3d_layout/test/img/Z6MFQCViBuw_80cd596c480c4f72a7457433b862d179.png,semi,1,35.232,1.0,1.0,1.0,0.0,1.0,1.0,0.0,1.0,True,,True,,0.0,True,0,,0.0,0.0,8,4,1.0,False,8,4,1.0,False,False,,connect,1,1.0,2,1.0,1.0,normal,normal,,,,False,False,False,False,False,True,8,True,3,3,0,0,0.0,0.0,in_scope,False,False,performance
Manual_Test,v1.0,508,Z6MFQCViBuw_80cd596c480c4f72a7457433b862d179.png,http://106.53.106.49:8000/data/mp3d_layout/test/img/Z6MFQCViBuw_80cd596c480c4f72a7457433b862d179.png,semi,3,3.696,1.0,1.0,1.0,0.0,1.0,1.0,0.0,1.0,True,,True,,0.0,True,0,,0.0,0.0,8,4,1.0,False,8,4,1.0,False,False,,connect,1,1.0,1,1.0,1.0,normal,normal,,,,False,False,False,False,False,True,8,True,3,3,0,0,0.0,0.0,in_scope,False,False,performance
Manual_Test,v1.0,508,Z6MFQCViBuw_80cd596c480c4f72a7457433b862d179.png,http://106.53.106.49:8000/data/mp3d_layout/test/img/Z6MFQCViBuw_80cd596c480c4f72a7457433b862d179.png,semi,2,2.834,1.0,1.0,1.0,0.0,1.0,1.0,0.0,1.0,True,,True,,0.0,True,0,,0.0,0.0,8,4,1.0,False,8,4,1.0,False,False,,connect,1,1.0,1,1.0,1.0,normal,normal,,,,False,False,False,False,False,True,8,True,3,3,0,0,0.0,0.0,in_scope,False,False,performance
SemiAuto_Test,v1.0,459,b8cTxDM8gDG_f63819c407e64c2897b703080766cb60.png,http://106.53.106.49:8000/data/mp3d_layout/test/img/b8cTxDM8gDG_f63819c407e64c2897b703080766cb60.png,semi,2,188.28199999999998,1.0,1.0,1.0,0.0,,,,,False,scope_missing,False,scope_missing,0.0,True,0,,0.0,0.0,8,4,1.0,False,8,4,1.0,False,False,,connect,,,,,,normal,,,,,True,,False,False,False,,8,True,1,0,0,1,0.0,1.0,unknown,False,True,performance
SemiAuto_Test,v1.0,461,rPc6DW4iMge_7316bf706e0d46368334c0c989210e09.png,http://106.53.106.49:8000/data/mp3d_layout/test/img/rPc6DW4iMge_7316bf706e0d46368334c0c989210e09.png,semi,2,7.509,1.0,1.0,1.0,0.0,,,,,False,scope_missing,False,scope_missing,0.0,True,0,,0.0,0.0,8,4,1.0,False,8,4,1.0,False,False,,connect,,,,,,normal,,,,,True,,False,False,False,,8,True,1,0,0,1,0.0,1.0,unknown,False,True,performance
SemiAuto_Test,v1.0,462,UwV83HsGsw3_8e9c912f525744eeaea21083a20a1596.png,http://106.53.106.49:8000/data/mp3d_layout/test/img/UwV83HsGsw3_8e9c912f525744eeaea21083a20a1596.png,semi,2,2121.889,0.8862438676752229,,0.8862438676752229,9.109371777684927,,,,,False,scope_missing,False,scope_missing,,False,,n_pairs_mismatch,101.96075439453125,10.097561804442261,12,6,1.0,False,8,4,1.0,False,False,,connect,,,,,,complex,,,,,True,,False,False,False,,8,False,1,0,0,1,0.0,1.0,unknown,False,True,performance
SemiAuto_Test,v1.0,463,uNb9QFRL6hY_01ea3de3141a4adaa917cebb3db3c086.png,http://106.53.106.49:8000/data/mp3d_layout/test/img/uNb9QFRL6hY_01ea3de3141a4adaa917cebb3db3c086.png,semi,2,80.294,1.0,1.0,1.0,0.0,,,,,False,scope_missing,False,scope_missing,0.0,True,0,,0.0,0.0,12,6,1.0,False,12,6,1.0,False,False,,connect,,,,,,normal,,,,,True,,False,False,False,,12,True,1,0,0,1,0.0,1.0,unknown,False,True,performance
SemiAuto_Test,v1.0,464,Z6MFQCViBuw_451088e169fd4fe3b14d1f26b18d9a27.png,http://106.53.106.49:8000/data/mp3d_layout/test/img/Z6MFQCViBuw_451088e169fd4fe3b14d1f26b18d9a27.png,semi,2,320.776,1.0,1.0,1.0,0.0,,,,,False,scope_missing,False,scope_missing,0.0,True,0,,0.0,0.0,8,4,1.0,False,8,4,1.0,False,False,,connect,,,,,,unknown,,,,,True,,False,False,False,,8,True,1,0,0,1,0.0,1.0,unknown,False,True,performance
SemiAuto_Test,v1.0,465,B6ByNegPMKs_e52609aae11f42a79f6cf50360180fd5.png,http://106.53.106.49:8000/data/mp3d_layout/test/img/B6ByNegPMKs_e52609aae11f42a79f6cf50360180fd5.png,semi,2,147.437,1.0,1.0,1.0,0.0,,,,,False,scope_missing,False,scope_missing,0.0,True,0,,0.0,0.0,8,4,1.0,False,8,4,1.0,False,False,,connect,,,,,,unknown,,,,,True,,False,False,False,,8,True,1,0,0,1,0.0,1.0,unknown,False,True,performance
SemiAuto_Test,v1.0,474,uNb9QFRL6hY_8b6f1b0b025848b482e747ab6a027b97.png,http://106.53.106.49:8000/data/mp3d_layout/test/img/uNb9QFRL6hY_8b6f1b0b025848b482e747ab6a027b97.png,semi,1,27.499,1.0,1.0,1.0,0.0,1.0,1.0,0.0,1.0,True,,False,excluded_from_consensus,0.0,True,0,,0.0,0.0,12,6,1.0,False,12,6,1.0,False,False,,connect,,,,,,normal,normal,,,,False,False,False,False,False,True,12,True,4,3,1,0,0.25,0.0,in_scope,True,False,performance
SemiAuto_Test,v1.0,474,uNb9QFRL6hY_8b6f1b0b025848b482e747ab6a027b97.png,http://106.53.106.49:8000/data/mp3d_layout/test/img/uNb9QFRL6hY_8b6f1b0b025848b482e747ab6a027b97.png,semi,2,628.372,1.0,1.0,1.0,0.0,,,,,False,out_of_scope,False,oos_or_unknown,0.0,True,0,,0.0,0.0,12,6,1.0,False,12,6,1.0,False,False,,connect,,,,,,occlusion;oos_insufficient;residual,oos_insufficient,occlusion;residual,,,False,True,True,False,True,False,12,True,4,3,1,0,0.25,0.0,in_scope,True,False,performance
SemiAuto_Test,v1.0,474,uNb9QFRL6hY_8b6f1b0b025848b482e747ab6a027b97.png,http://106.53.106.49:8000/data/mp3d_layout/test/img/uNb9QFRL6hY_8b6f1b0b025848b482e747ab6a027b97.png,semi,3,1124.848,0.9604076246752072,1.0,0.9604076246752072,3.376038620624595,0.9945566253640641,0.992865990271136,0.01961585134267807,1.0,True,,False,excluded_from_consensus,3.3200874521618315,True,0,,2.0254862308502197,1.4231957809276345,12,6,1.0,False,12,6,1.0,False,False,,connect,,,,,,corner_drift;normal;occlusion,normal,occlusion,corner_drift,,False,False,True,False,False,True,12,True,4,3,1,0,0.25,0.0,in_scope,True,False,performance
SemiAuto_Test,v1.0,474,uNb9QFRL6hY_8b6f1b0b025848b482e747ab6a027b97.png,http://106.53.106.49:8000/data/mp3d_layout/test/img/uNb9QFRL6hY_8b6f1b0b025848b482e747ab6a027b97.png,semi,4,14.729,1.0,1.0,1.0,5.84207588922869,0.9549285581803598,0.9509160409068775,0.0769195556640625,1.0,True,,False,excluded_from_consensus,4.29627237428994,True,0,,9.500301361083984,3.082255888320109,12,6,1.0,False,12,6,1.0,False,False,,connect,,,,,,normal,normal,,,,False,False,False,False,False,True,12,True,4,3,1,0,0.25,0.0,in_scope,True,False,performance
SemiAuto_Test,v1.0,475,wc2JMjhGNzB_1d8917d25abb4a77a0da9583dc82c17c.png,http://106.53.106.49:8000/data/mp3d_layout/test/img/wc2JMjhGNzB_1d8917d25abb4a77a0da9583dc82c17c.png,semi,1,176.504,0.4161883959106334,,0.4161883959106334,121.25717910261908,0.17528231810483477,0.15979210678112998,0.8628100156784058,0.1829681396484375,True,,True,,121.07841435150611,True,0,,9416.70703125,97.03971883332103,8,4,1.0,False,8,4,1.0,False,False,,connect,2,0.7502751350402832,2,0.7502751350402832,0.7502751350402832,fail;normal,normal,,fail,,False,False,False,True,False,True,8,False,4,4,0,0,0.0,0.0,in_scope,False,False,performance
SemiAuto_Test,v1.0,475,wc2JMjhGNzB_1d8917d25abb4a77a0da9583dc82c17c.png,http://106.53.106.49:8000/data/mp3d_layout/test/img/wc2JMjhGNzB_1d8917d25abb4a77a0da9583dc82c17c.png,semi,2,1622.9589999999998,0.4937043604887164,,0.4937043604887164,102.07304014241649,0.2767825825575233,0.2617167530943909,0.7755314111709595,0.27149200439453125,True,,True,,102.07302456452439,True,0,,10237.287109375,101.17947968523558,8,4,1.0,False,8,4,1.0,False,False,,connect,2,1.0,4,0.8105500936508179,0.8105500936508179,fail;low_quality;normal;occlusion;residual,normal,occlusion;low_quality;residual,fail,,False,False,True,True,True,True,8,False,4,4,0,0,0.0,0.0,in_scope,False,False,performance
SemiAuto_Test,v1.0,475,wc2JMjhGNzB_1d8917d25abb4a77a0da9583dc82c17c.png,http://106.53.106.49:8000/data/mp3d_layout/test/img/wc2JMjhGNzB_1d8917d25abb4a77a0da9583dc82c17c.png,semi,3,82.489,0.4897527954083675,,0.4897527954083675,108.45972054648831,0.21027119463169547,0.19140501199424906,0.7747441530227661,0.2638225555419922,True,,True,,108.38021271344923,True,0,,9649.1259765625,98.22996475904132,8,4,1.0,False,8,4,1.0,False,False,,connect,2,0.9617724418640137,4,0.7958537340164185,0.7958537340164185,fail;low_texture;normal;occlusion;residual,normal,occlusion;low_texture;residual,fail,,False,False,True,True,True,True,8,False,4,4,0,0,0.0,0.0,in_scope,False,False,performance
SemiAuto_Test,v1.0,475,wc2JMjhGNzB_1d8917d25abb4a77a0da9583dc82c17c.png,http://106.53.106.49:8000/data/mp3d_layout/test/img/wc2JMjhGNzB_1d8917d25abb4a77a0da9583dc82c17c.png,semi,4,32.645,0.5165761659834641,,0.5165761659834641,87.92156859532722,0.18167563464936237,0.16560189257350813,0.8973497748374939,0.20719146728515625,True,,True,,87.70383345295546,True,0,,12458.806640625,111.61902454610953,8,4,1.0,False,8,4,1.0,False,False,,connect,2,0.8105500936508179,2,0.8105500936508179,0.7958537340164185,fail;normal,normal,,fail,,False,False,False,True,False,True,8,False,4,4,0,0,0.0,0.0,in_scope,False,False,performance
SemiAuto_Test,v1.0,476,uNb9QFRL6hY_a38a8c6dced34d8bb18fb67165c099f2.png,http://106.53.106.49:8000/data/mp3d_layout/test/img/uNb9QFRL6hY_a38a8c6dced34d8bb18fb67165c099f2.png,semi,1,65.168,0.9494358524342081,1.0,0.9494358524342081,9.579954961596567,,,,,False,out_of_scope,False,oos_or_unknown,9.520464889331002,True,0,,74.80180358886719,8.648803592917762,16,8,1.0,False,16,8,1.0,False,False,,connect,,,,,,oos_split_level,oos_split_level,,,,False,True,False,False,False,False,16,True,4,0,4,0,1.0,0.0,oos,False,False,performance
SemiAuto_Test,v1.0,476,uNb9QFRL6hY_a38a8c6dced34d8bb18fb67165c099f2.png,http://106.53.106.49:8000/data/mp3d_layout/test/img/uNb9QFRL6hY_a38a8c6dced34d8bb18fb67165c099f2.png,semi,2,1665.756,0.9435030593246246,1.0,0.9435030593246246,13.739778931358211,,,,,False,out_of_scope,False,oos_or_unknown,,False,,odd_points,966.055419921875,31.081432076432304,16,8,1.0,False,15,7,0.9333333333333333,True,True,,connect,,,,,,oos_split_level;residual,oos_split_level,residual,,,False,True,False,False,True,False,15,True,4,0,4,0,1.0,0.0,oos,False,False,performance
SemiAuto_Test,v1.0,476,uNb9QFRL6hY_a38a8c6dced34d8bb18fb67165c099f2.png,http://106.53.106.49:8000/data/mp3d_layout/test/img/uNb9QFRL6hY_a38a8c6dced34d8bb18fb67165c099f2.png,semi,3,155.877,0.9578051563154847,,0.9578051563154847,6.847734796529933,,,,,False,out_of_scope,False,oos_or_unknown,6.537634836122945,True,0,,34.6331787109375,5.884996067198133,16,8,1.0,False,16,8,1.0,False,False,,connect,,,,,,corner_drift;low_quality;oos_split_level;residual,oos_split_level,low_quality;residual,corner_drift,,False,True,False,False,True,False,16,False,4,0,4,0,1.0,0.0,oos,False,False,performance
SemiAuto_Test,v1.0,476,uNb9QFRL6hY_a38a8c6dced34d8bb18fb67165c099f2.png,http://106.53.106.49:8000/data/mp3d_layout/test/img/uNb9QFRL6hY_a38a8c6dced34d8bb18fb67165c099f2.png,semi,4,238.492,1.0,1.0,1.0,0.0,,,,,False,out_of_scope,False,oos_or_unknown,0.0,True,0,,0.0,0.0,16,8,1.0,False,16,8,1.0,False,False,,connect,,,,,,oos_split_level,oos_split_level,,,,False,True,False,False,False,False,16,True,4,0,4,0,1.0,0.0,oos,False,False,performance
SemiAuto_Test,v1.0,477,uNb9QFRL6hY_aed830f085ee4ad88ef6bed7f66f1359.png,http://106.53.106.49:8000/data/mp3d_layout/test/img/uNb9QFRL6hY_aed830f085ee4ad88ef6bed7f66f1359.png,semi,1,45.89,0.9830066561719312,1.0,0.9830066561719312,0.0,0.9272864827772112,0.9269497621535256,0.06264057010412216,0.9815139770507812,True,,False,excluded_from_consensus,,False,,n_pairs_mismatch,59.131752014160156,7.689717290912596,12,6,1.0,False,8,4,1.0,False,False,,connect,,,,,,corner_duplicate;normal,normal,,corner_duplicate,,False,False,False,False,False,True,8,True,4,3,0,1,0.0,0.25,in_scope,False,True,performance
SemiAuto_Test,v1.0,477,uNb9QFRL6hY_aed830f085ee4ad88ef6bed7f66f1359.png,http://106.53.106.49:8000/data/mp3d_layout/test/img/uNb9QFRL6hY_aed830f085ee4ad88ef6bed7f66f1359.png,semi,2,66.32,0.9830066561719312,1.0,0.9830066561719312,4.922805022350893,,,,,False,scope_missing,False,scope_missing,,False,,n_pairs_mismatch,12.325286865234375,3.510738791940291,12,6,1.0,False,8,4,1.0,False,False,,connect,,,,,,normal,,,,,True,,False,False,False,,8,True,4,3,0,1,0.0,0.25,in_scope,False,True,performance
SemiAuto_Test,v1.0,477,uNb9QFRL6hY_aed830f085ee4ad88ef6bed7f66f1359.png,http://106.53.106.49:8000/data/mp3d_layout/test/img/uNb9QFRL6hY_aed830f085ee4ad88ef6bed7f66f1359.png,semi,3,105.164,0.9683685948860179,,0.9683685948860179,8.480510104196863,0.8589582588423764,0.8327218200600542,0.1526901125907898,0.6330471038818359,True,,False,excluded_from_consensus,,False,,n_pairs_mismatch,107.66680145263672,10.376261439104004,12,6,1.0,False,8,4,1.0,False,False,,connect,,,,,,corner_duplicate;low_texture;normal;occlusion;residual,normal,occlusion;low_texture;residual,corner_duplicate,,False,False,True,False,True,True,8,False,4,3,0,1,0.0,0.25,in_scope,False,True,performance
SemiAuto_Test,v1.0,477,uNb9QFRL6hY_aed830f085ee4ad88ef6bed7f66f1359.png,http://106.53.106.49:8000/data/mp3d_layout/test/img/uNb9QFRL6hY_aed830f085ee4ad88ef6bed7f66f1359.png,semi,4,11.018,1.0,1.0,1.0,12.810226163675667,0.9737734143951712,0.9645318634334362,0.03763287514448166,0.9966087341308594,True,,False,excluded_from_consensus,12.665317329681221,True,0,,16.851224899291992,4.105024348197218,12,6,1.0,False,12,6,1.0,False,False,,connect,,,,,,normal,normal,,,,False,False,False,False,False,True,12,True,4,3,0,1,0.0,0.25,in_scope,False,True,performance
SemiAuto_Test,v1.0,479,e9zR4mvMWw7_0ee61863ec0c4c06bac95fb886e98945.png,http://106.53.106.49:8000/data/mp3d_layout/test/img/e9zR4mvMWw7_0ee61863ec0c4c06bac95fb886e98945.png,semi,1,14.294,1.0,1.0,1.0,0.0,1.0,1.0,0.0,1.0,True,,False,excluded_from_consensus,0.0,True,0,,0.0,0.0,8,4,1.0,False,8,4,1.0,False,False,,connect,,,,,,normal,normal,,,,False,False,False,False,False,True,8,True,4,3,0,1,0.0,0.25,in_scope,False,True,performance
SemiAuto_Test,v1.0,479,e9zR4mvMWw7_0ee61863ec0c4c06bac95fb886e98945.png,http://106.53.106.49:8000/data/mp3d_layout/test/img/e9zR4mvMWw7_0ee61863ec0c4c06bac95fb886e98945.png,semi,2,3.13,1.0,1.0,1.0,0.0,,,,,False,scope_missing,False,scope_missing,0.0,True,0,,0.0,0.0,8,4,1.0,False,8,4,1.0,False,False,,connect,,,,,,normal,,,,,True,,False,False,False,,8,True,4,3,0,1,0.0,0.25,in_scope,False,True,performance
SemiAuto_Test,v1.0,479,e9zR4mvMWw7_0ee61863ec0c4c06bac95fb886e98945.png,http://106.53.106.49:8000/data/mp3d_layout/test/img/e9zR4mvMWw7_0ee61863ec0c4c06bac95fb886e98945.png,semi,3,15.603,1.0,1.0,1.0,0.0,1.0,1.0,0.0,1.0,True,,False,excluded_from_consensus,0.0,True,0,,0.0,0.0,8,4,1.0,False,8,4,1.0,False,False,,connect,,,,,,normal,normal,,,,False,False,False,False,False,True,8,True,4,3,0,1,0.0,0.25,in_scope,False,True,performance
SemiAuto_Test,v1.0,479,e9zR4mvMWw7_0ee61863ec0c4c06bac95fb886e98945.png,http://106.53.106.49:8000/data/mp3d_layout/test/img/e9zR4mvMWw7_0ee61863ec0c4c06bac95fb886e98945.png,semi,4,32.612,0.9211248221283117,1.0,0.9211248221283117,21.185900099457196,,,,,False,low_coverage,False,excluded_from_consensus,,False,,low_coverage,15114.87890625,122.94258377897383,8,4,1.0,False,8,3,0.75,False,True,,connect,,,,,,normal,normal,,,,False,False,False,False,False,True,8,True,4,3,0,1,0.0,0.25,in_scope,False,True,performance
SemiAuto_Test,v1.0,480,e9zR4mvMWw7_0977162f6d4e47f7b3764379ba68d8db.png,http://106.53.106.49:8000/data/mp3d_layout/test/img/e9zR4mvMWw7_0977162f6d4e47f7b3764379ba68d8db.png,semi,1,9.869,1.0,1.0,1.0,0.0,1.0,1.0,0.0,1.0,True,,False,excluded_from_consensus,0.0,True,0,,0.0,0.0,8,4,1.0,False,8,4,1.0,False,False,,connect,,,,,,normal,normal,,,,False,False,False,False,False,True,8,True,4,3,0,1,0.0,0.25,in_scope,False,True,performance
SemiAuto_Test,v1.0,480,e9zR4mvMWw7_0977162f6d4e47f7b3764379ba68d8db.png,http://106.53.106.49:8000/data/mp3d_layout/test/img/e9zR4mvMWw7_0977162f6d4e47f7b3764379ba68d8db.png,semi,2,11.456,1.0,1.0,1.0,0.0,,,,,False,scope_missing,False,scope_missing,0.0,True,0,,0.0,0.0,8,4,1.0,False,8,4,1.0,False,False,,connect,,,,,,normal,,,,,True,,False,False,False,,8,True,4,3,0,1,0.0,0.25,in_scope,False,True,performance
SemiAuto_Test,v1.0,480,e9zR4mvMWw7_0977162f6d4e47f7b3764379ba68d8db.png,http://106.53.106.49:8000/data/mp3d_layout/test/img/e9zR4mvMWw7_0977162f6d4e47f7b3764379ba68d8db.png,semi,3,159.591,1.0,1.0,1.0,2.5600000000000023,0.9739825679343299,0.9739825679343302,0.025953637436032295,1.0,True,,False,excluded_from_consensus,2.55999754622461,True,0,,1.202981948852539,1.0968053377206637,8,4,1.0,False,8,4,1.0,False,False,,connect,,,,,,corner_drift;normal,normal,,corner_drift,,False,False,False,False,False,True,8,True,4,3,0,1,0.0,0.25,in_scope,False,True,performance
SemiAuto_Test,v1.0,480,e9zR4mvMWw7_0977162f6d4e47f7b3764379ba68d8db.png,http://106.53.106.49:8000/data/mp3d_layout/test/img/e9zR4mvMWw7_0977162f6d4e47f7b3764379ba68d8db.png,semi,4,11.828,1.0,,1.0,21.951258952856097,0.8823565120055231,0.8317247051393092,0.24398420751094818,0.8457660675048828,True,,False,excluded_from_consensus,21.920291421999632,True,0,,147.17379760742188,12.13152082829774,8,4,1.0,False,8,4,1.0,False,False,,connect,,,,,,normal,normal,,,,False,False,False,False,False,True,8,False,4,3,0,1,0.0,0.25,in_scope,False,True,performance
SemiAuto_Test,v1.0,491,uNb9QFRL6hY_26b3b14f6ce047489259ab14d131122d.png,http://106.53.106.49:8000/data/mp3d_layout/test/img/uNb9QFRL6hY_26b3b14f6ce047489259ab14d131122d.png,semi,1,19.298000000000002,1.0,1.0,1.0,0.0,1.0,1.0,0.0,1.0,True,,False,excluded_from_consensus,0.0,True,0,,0.0,0.0,8,4,1.0,False,8,4,1.0,False,False,,connect,,,,,,normal;occlusion,normal,occlusion,,,False,False,True,False,False,True,8,True,4,3,0,1,0.0,0.25,in_scope,False,True,performance
SemiAuto_Test,v1.0,491,uNb9QFRL6hY_26b3b14f6ce047489259ab14d131122d.png,http://106.53.106.49:8000/data/mp3d_layout/test/img/uNb9QFRL6hY_26b3b14f6ce047489259ab14d131122d.png,semi,2,135.21,1.0,1.0,1.0,0.0,,,,,False,scope_missing,False,scope_missing,0.0,True,0,,0.0,0.0,8,4,1.0,False,8,4,1.0,False,False,,connect,,,,,,normal,,,,,True,,False,False,False,,8,True,4,3,0,1,0.0,0.25,in_scope,False,True,performance
SemiAuto_Test,v1.0,491,uNb9QFRL6hY_26b3b14f6ce047489259ab14d131122d.png,http://106.53.106.49:8000/data/mp3d_layout/test/img/uNb9QFRL6hY_26b3b14f6ce047489259ab14d131122d.png,semi,3,232.393,0.9863475031130946,1.0,0.9863475031130946,4.136990210285734,0.9797638098271343,0.9682836416850363,0.03603772446513176,1.0,True,,False,excluded_from_consensus,4.136985013783886,True,0,,13.772316932678223,3.7111072381000016,8,4,1.0,False,8,4,1.0,False,False,,connect,,,,,,corner_drift;normal;occlusion,normal,occlusion,corner_drift,,False,False,True,False,False,True,8,True,4,3,0,1,0.0,0.25,in_scope,False,True,performance
SemiAuto_Test,v1.0,491,uNb9QFRL6hY_26b3b14f6ce047489259ab14d131122d.png,http://106.53.106.49:8000/data/mp3d_layout/test/img/uNb9QFRL6hY_26b3b14f6ce047489259ab14d131122d.png,semi,4,4.109,1.0,1.0,1.0,0.0,1.0,1.0,0.0,1.0,True,,False,excluded_from_consensus,0.0,True,0,,0.0,0.0,8,4,1.0,False,8,4,1.0,False,False,,connect,,,,,,normal,normal,,,,False,False,False,False,False,True,8,True,4,3,0,1,0.0,0.25,in_scope,False,True,performance
SemiAuto_Test,v1.0,492,e9zR4mvMWw7_1daae4b7becc43949516096170ce2a76.png,http://106.53.106.49:8000/data/mp3d_layout/test/img/e9zR4mvMWw7_1daae4b7becc43949516096170ce2a76.png,semi,1,24.294,1.0,1.0,1.0,0.0,1.0,1.0,0.0,1.0,True,,False,excluded_from_consensus,0.0,True,0,,0.0,0.0,8,4,1.0,False,8,4,1.0,False,False,,connect,,,,,,normal,normal,,,,False,False,False,False,False,True,8,True,4,3,0,1,0.0,0.25,in_scope,False,True,performance
SemiAuto_Test,v1.0,492,e9zR4mvMWw7_1daae4b7becc43949516096170ce2a76.png,http://106.53.106.49:8000/data/mp3d_layout/test/img/e9zR4mvMWw7_1daae4b7becc43949516096170ce2a76.png,semi,2,7.111,1.0,1.0,1.0,0.0,,,,,False,scope_missing,False,scope_missing,0.0,True,0,,0.0,0.0,8,4,1.0,False,8,4,1.0,False,False,,connect,,,,,,normal,,,,,True,,False,False,False,,8,True,4,3,0,1,0.0,0.25,in_scope,False,True,performance
SemiAuto_Test,v1.0,492,e9zR4mvMWw7_1daae4b7becc43949516096170ce2a76.png,http://106.53.106.49:8000/data/mp3d_layout/test/img/e9zR4mvMWw7_1daae4b7becc43949516096170ce2a76.png,semi,3,81.968,0.9973446912566676,1.0,0.9973446912566676,0.7463618425401528,0.9966065369880766,0.9937816881531545,0.010171190835535526,1.0,True,,False,excluded_from_consensus,0.7463561789855307,True,0,,0.34244751930236816,0.5851901565323602,8,4,1.0,False,8,4,1.0,False,False,,connect,,,,,,corner_drift;normal,normal,,corner_drift,,False,False,False,False,False,True,8,True,4,3,0,1,0.0,0.25,in_scope,False,True,performance
SemiAuto_Test,v1.0,492,e9zR4mvMWw7_1daae4b7becc43949516096170ce2a76.png,http://106.53.106.49:8000/data/mp3d_layout/test/img/e9zR4mvMWw7_1daae4b7becc43949516096170ce2a76.png,semi,4,2.226,1.0,1.0,1.0,0.0,1.0,1.0,0.0,1.0,True,,False,excluded_from_consensus,0.0,True,0,,0.0,0.0,8,4,1.0,False,8,4,1.0,False,False,,connect,,,,,,normal,normal,,,,False,False,False,False,False,True,8,True,4,3,0,1,0.0,0.25,in_scope,False,True,performance
SemiAuto_Test,v1.0,493,e9zR4mvMWw7_f7ab5b3ece274b48be57eb65bb6d4814.png,http://106.53.106.49:8000/data/mp3d_layout/test/img/e9zR4mvMWw7_f7ab5b3ece274b48be57eb65bb6d4814.png,semi,1,178.971,0.8692310488908669,0.9526788587503159,0.8692310488908669,70.29521612857798,0.8199464212324621,0.7903523828228712,0.5383374691009521,0.709930419921875,True,,False,excluded_from_consensus,,False,,n_pairs_mismatch,5103.50341796875,71.4388089064253,16,8,1.0,False,14,7,1.0,False,False,,connect,,,,,,normal,normal,,,,False,False,False,False,False,True,14,True,3,2,0,1,0.0,0.3333333333333333,in_scope,False,True,performance
SemiAuto_Test,v1.0,493,e9zR4mvMWw7_f7ab5b3ece274b48be57eb65bb6d4814.png,http://106.53.106.49:8000/data/mp3d_layout/test/img/e9zR4mvMWw7_f7ab5b3ece274b48be57eb65bb6d4814.png,semi,2,78.599,0.7777833479382942,1.0,0.7777833479382942,0.0,,,,,False,scope_missing,False,scope_missing,,False,,n_pairs_mismatch,1086.652587890625,32.964413962493325,16,8,1.0,False,8,4,1.0,False,False,,connect,,,,,,fail,,,,,True,,False,False,False,,8,True,3,2,0,1,0.0,0.3333333333333333,in_scope,False,True,performance
SemiAuto_Test,v1.0,493,e9zR4mvMWw7_f7ab5b3ece274b48be57eb65bb6d4814.png,http://106.53.106.49:8000/data/mp3d_layout/test/img/e9zR4mvMWw7_f7ab5b3ece274b48be57eb65bb6d4814.png,semi,3,121.73400000000001,0.8051130063025252,,0.8051130063025252,0.0,0.9703851998161748,0.969035053328029,0.24450841546058655,0.8338890075683594,True,,False,excluded_from_consensus,,False,,n_pairs_mismatch,1117.9610595703125,33.43592468543845,16,8,1.0,False,8,4,1.0,False,False,,connect,,,,,,corner_duplicate;low_quality;normal;occlusion;overextend_adjacent,normal,occlusion;low_quality,overextend_adjacent;corner_duplicate,,False,False,True,False,False,True,8,False,3,2,0,1,0.0,0.3333333333333333,in_scope,False,True,performance
SemiAuto_Test,v1.0,494,B6ByNegPMKs_c36b46ddcadf4896a2aa0abca657f33d.png,http://106.53.106.49:8000/data/mp3d_layout/test/img/B6ByNegPMKs_c36b46ddcadf4896a2aa0abca657f33d.png,semi,1,19.865000000000002,1.0,1.0,1.0,0.0,1.0,1.0,0.0,1.0,True,,False,excluded_from_consensus,0.0,True,0,,0.0,0.0,8,4,1.0,False,8,4,1.0,False,False,,connect,,,,,,normal,normal,,,,False,False,False,False,False,True,8,True,3,2,0,1,0.0,0.3333333333333333,in_scope,False,True,performance
SemiAuto_Test,v1.0,494,B6ByNegPMKs_c36b46ddcadf4896a2aa0abca657f33d.png,http://106.53.106.49:8000/data/mp3d_layout/test/img/B6ByNegPMKs_c36b46ddcadf4896a2aa0abca657f33d.png,semi,2,2.935,1.0,1.0,1.0,0.0,,,,,False,scope_missing,False,scope_missing,0.0,True,0,,0.0,0.0,8,4,1.0,False,8,4,1.0,False,False,,connect,,,,,,normal,,,,,True,,False,False,False,,8,True,3,2,0,1,0.0,0.3333333333333333,in_scope,False,True,performance
SemiAuto_Test,v1.0,494,B6ByNegPMKs_c36b46ddcadf4896a2aa0abca657f33d.png,http://106.53.106.49:8000/data/mp3d_layout/test/img/B6ByNegPMKs_c36b46ddcadf4896a2aa0abca657f33d.png,semi,3,33.071,1.0,1.0,1.0,0.0,1.0,1.0,0.0,1.0,True,,False,excluded_from_consensus,0.0,True,0,,0.0,0.0,8,4,1.0,False,8,4,1.0,False,False,,connect,,,,,,normal,normal,,,,False,False,False,False,False,True,8,True,3,2,0,1,0.0,0.3333333333333333,in_scope,False,True,performance
SemiAuto_Test,v1.0,495,yqstnuAEVhm_66ecc07f3cda4d8ebaf84288325669f5.png,http://106.53.106.49:8000/data/mp3d_layout/test/img/yqstnuAEVhm_66ecc07f3cda4d8ebaf84288325669f5.png,semi,1,73.53399999999999,0.9764174348109161,1.0,0.9764174348109161,3.836009869854016,,,,,False,out_of_scope,False,oos_or_unknown,3.73888058377295,True,0,,7.16829252243042,2.677366714223216,12,6,1.0,False,12,6,1.0,False,False,,connect,,,,,,oos_split_level,oos_split_level,,,,False,True,False,False,False,False,12,True,3,0,2,1,0.6666666666666666,0.3333333333333333,oos,False,True,performance
SemiAuto_Test,v1.0,495,yqstnuAEVhm_66ecc07f3cda4d8ebaf84288325669f5.png,http://106.53.106.49:8000/data/mp3d_layout/test/img/yqstnuAEVhm_66ecc07f3cda4d8ebaf84288325669f5.png,semi,2,28.64,1.0,1.0,1.0,0.0,,,,,False,scope_missing,False,scope_missing,0.0,True,0,,0.0,0.0,12,6,1.0,False,12,6,1.0,False,False,,connect,,,,,,split_level,,,,,True,,False,False,False,,12,True,3,0,2,1,0.6666666666666666,0.3333333333333333,oos,False,True,performance
SemiAuto_Test,v1.0,495,yqstnuAEVhm_66ecc07f3cda4d8ebaf84288325669f5.png,http://106.53.106.49:8000/data/mp3d_layout/test/img/yqstnuAEVhm_66ecc07f3cda4d8ebaf84288325669f5.png,semi,3,111.666,0.9700252659053626,1.0,0.9700252659053626,9.7395645331439,,,,,False,out_of_scope,False,oos_or_unknown,,False,,odd_points,155.60382080078125,12.474126053587131,12,6,1.0,False,11,5,0.9090909090909091,True,True,,connect,,,,,,oos_split_level,oos_split_level,,,,False,True,False,False,False,False,11,True,3,0,2,1,0.6666666666666666,0.3333333333333333,oos,False,True,performance
SemiAuto_Test,v1.0,496,7y3sRwLe3Va_6376b741b50a4418b3dc3fde791c3c09.png,http://106.53.106.49:8000/data/mp3d_layout/test/img/7y3sRwLe3Va_6376b741b50a4418b3dc3fde791c3c09.png,semi,1,39.068,1.0,1.0,1.0,0.0,,,,,False,out_of_scope,False,oos_or_unknown,0.0,True,0,,0.0,0.0,12,6,1.0,False,12,6,1.0,False,False,,connect,,,,,,oos_split_level,oos_split_level,,,,False,True,False,False,False,False,12,True,3,0,3,0,1.0,0.0,oos,False,False,performance
SemiAuto_Test,v1.0,496,7y3sRwLe3Va_6376b741b50a4418b3dc3fde791c3c09.png,http://106.53.106.49:8000/data/mp3d_layout/test/img/7y3sRwLe3Va_6376b741b50a4418b3dc3fde791c3c09.png,semi,3,90.995,0.8653936170671135,1.0,0.8653936170671135,23.02846739872285,,,,,False,out_of_scope,False,oos_or_unknown,23.027560762866308,True,0,,784.7962646484375,28.01421540304917,12,6,1.0,False,12,6,1.0,False,False,,connect,,,,,,corner_drift;oos_split_level,oos_split_level,,corner_drift,,False,True,False,False,False,False,12,True,3,0,3,0,1.0,0.0,oos,False,False,performance
SemiAuto_Test,v1.0,496,7y3sRwLe3Va_6376b741b50a4418b3dc3fde791c3c09.png,http://106.53.106.49:8000/data/mp3d_layout/test/img/7y3sRwLe3Va_6376b741b50a4418b3dc3fde791c3c09.png,semi,2,66.204,0.862920431382895,,0.862920431382895,27.102054378652557,,,,,False,out_of_scope,False,oos_or_unknown,27.09651171766626,True,0,,992.1912841796875,31.499067989064176,12,6,1.0,False,12,6,1.0,False,False,,connect,,,,,,low_texture;occlusion;oos_split_level,oos_split_level,occlusion;low_texture,,,False,True,True,False,False,False,12,False,3,0,3,0,1.0,0.0,oos,False,False,performance
SemiAuto_Test,v1.0,497,uNb9QFRL6hY_d02f87bbb0414146a7a15070110a0384.png,http://106.53.106.49:8000/data/mp3d_layout/test/img/uNb9QFRL6hY_d02f87bbb0414146a7a15070110a0384.png,semi,1,13.202,1.0,1.0,1.0,0.0,1.0,1.0,0.0,1.0,True,,True,,0.0,True,0,,0.0,0.0,8,4,1.0,False,8,4,1.0,False,False,,connect,1,1.0,2,1.0,1.0,normal,normal,,,,False,False,False,False,False,True,8,True,3,3,0,0,0.0,0.0,in_scope,False,False,performance
SemiAuto_Test,v1.0,497,uNb9QFRL6hY_d02f87bbb0414146a7a15070110a0384.png,http://106.53.106.49:8000/data/mp3d_layout/test/img/uNb9QFRL6hY_d02f87bbb0414146a7a15070110a0384.png,semi,3,30.048,1.0,1.0,1.0,0.0,1.0,1.0,0.0,1.0,True,,True,,0.0,True,0,,0.0,0.0,8,4,1.0,False,8,4,1.0,False,False,,connect,1,1.0,1,1.0,1.0,normal;occlusion,normal,occlusion,,,False,False,True,False,False,True,8,True,3,3,0,0,0.0,0.0,in_scope,False,False,performance
SemiAuto_Test,v1.0,497,uNb9QFRL6hY_d02f87bbb0414146a7a15070110a0384.png,http://106.53.106.49:8000/data/mp3d_layout/test/img/uNb9QFRL6hY_d02f87bbb0414146a7a15070110a0384.png,semi,2,26.574,1.0,1.0,1.0,2.3649028988701315,0.9243292340026275,0.9130691657998503,0.05998509004712105,1.0,True,,True,,2.1742141531684247,True,0,,4.491902828216553,2.119410962559303,8,4,1.0,False,8,4,1.0,False,False,,connect,1,1.0,1,1.0,1.0,normal;occlusion,normal,occlusion,,,False,False,True,False,False,True,8,True,3,3,0,0,0.0,0.0,in_scope,False,False,performance
SemiAuto_Test,v1.0,498,b8cTxDM8gDG_d38c4ae95f5b4640a2696b923b80d1f4.png,http://106.53.106.49:8000/data/mp3d_layout/test/img/b8cTxDM8gDG_d38c4ae95f5b4640a2696b923b80d1f4.png,semi,3,76.731,0.9905036585529433,1.0,0.9905036585529433,19.470713525250105,,,,,False,out_of_scope,False,oos_or_unknown,,False,,n_pairs_mismatch,1396.952880859375,37.37583284502668,16,8,1.0,False,14,7,1.0,False,False,,connect,,,,,,oos_split_level;overextend_adjacent,oos_split_level,,overextend_adjacent,,False,True,False,False,False,False,14,True,3,1,2,0,0.6666666666666666,0.0,oos,True,False,performance
SemiAuto_Test,v1.0,498,b8cTxDM8gDG_d38c4ae95f5b4640a2696b923b80d1f4.png,http://106.53.106.49:8000/data/mp3d_layout/test/img/b8cTxDM8gDG_d38c4ae95f5b4640a2696b923b80d1f4.png,semi,2,56.963,0.6394223538380952,,0.6394223538380952,0.0,,,,,False,out_of_scope,False,oos_or_unknown,,False,,n_pairs_mismatch,114.72740173339844,10.711087794122427,16,8,1.0,False,12,6,1.0,False,False,,connect,,,,,,occlusion;oos_split_level;overextend_adjacent,oos_split_level,occlusion,overextend_adjacent,,False,True,True,False,False,False,12,False,3,1,2,0,0.6666666666666666,0.0,oos,True,False,performance
SemiAuto_Test,v1.0,498,b8cTxDM8gDG_d38c4ae95f5b4640a2696b923b80d1f4.png,http://106.53.106.49:8000/data/mp3d_layout/test/img/b8cTxDM8gDG_d38c4ae95f5b4640a2696b923b80d1f4.png,semi,4,26.076,1.0,,1.0,0.0,1.0,1.0,0.0,1.0,True,,False,excluded_from_consensus,0.0,True,0,,0.0,0.0,16,8,1.0,False,16,8,1.0,False,False,,connect,,,,,,normal,normal,,,,False,False,False,False,False,True,16,False,3,1,2,0,0.6666666666666666,0.0,oos,True,False,performance
SemiAuto_Test,v1.0,499,q9vSo1VnCiC_1cd414875b9b4311bc6a179d91e6270d.png,http://106.53.106.49:8000/data/mp3d_layout/test/img/q9vSo1VnCiC_1cd414875b9b4311bc6a179d91e6270d.png,semi,1,42.12,0.9687300574345884,1.0,0.9687300574345884,0.0,0.9972039708035353,0.9966018197844658,0.022348791360855103,1.0,True,,True,,,False,,n_pairs_mismatch,3.775608777999878,1.943092580913189,12,6,1.0,False,10,5,1.0,False,False,,connect,2,0.8711822032928467,2,0.8711822032928467,0.8711822032928467,normal,normal,,,,False,False,False,False,False,True,10,True,4,4,0,0,0.0,0.0,in_scope,False,False,performance
SemiAuto_Test,v1.0,499,q9vSo1VnCiC_1cd414875b9b4311bc6a179d91e6270d.png,http://106.53.106.49:8000/data/mp3d_layout/test/img/q9vSo1VnCiC_1cd414875b9b4311bc6a179d91e6270d.png,semi,3,127.274,0.8439403608516564,,0.8439403608516564,7.249818756355229,0.899093424092084,0.8896954958140108,0.10086094588041306,1.0,True,,True,,,False,,n_pairs_mismatch,13.107490539550781,3.6204268449384225,12,6,1.0,False,8,4,1.0,False,False,,connect,2,1.0,4,0.9152792096138,0.9152792096138,corner_duplicate;normal;occlusion;overextend_adjacent,normal,occlusion,overextend_adjacent;corner_duplicate,,False,False,True,False,False,True,8,False,4,4,0,0,0.0,0.0,in_scope,False,False,performance
SemiAuto_Test,v1.0,499,q9vSo1VnCiC_1cd414875b9b4311bc6a179d91e6270d.png,http://106.53.106.49:8000/data/mp3d_layout/test/img/q9vSo1VnCiC_1cd414875b9b4311bc6a179d91e6270d.png,semi,2,54.897999999999996,0.8439403608516564,,0.8439403608516564,0.0,0.9956810576005322,0.9940939595598346,0.020027484744787216,1.0,True,,True,,,False,,n_pairs_mismatch,2.9234561920166016,1.7098117416887164,12,6,1.0,False,8,4,1.0,False,False,,connect,2,1.0,4,0.9152792096138,0.9152792096138,corner_duplicate;normal;overextend_adjacent,normal,,overextend_adjacent;corner_duplicate,,False,False,False,False,False,True,8,False,4,4,0,0,0.0,0.0,in_scope,False,False,performance
SemiAuto_Test,v1.0,499,q9vSo1VnCiC_1cd414875b9b4311bc6a179d91e6270d.png,http://106.53.106.49:8000/data/mp3d_layout/test/img/q9vSo1VnCiC_1cd414875b9b4311bc6a179d91e6270d.png,semi,4,18.817,0.9220578210928426,1.0,0.9220578210928426,34.351957746048384,0.9916658079815964,0.96211101194799,0.10952187329530716,0.9809589385986328,True,,True,,34.346886586182194,True,0,,116.31520080566406,10.784952517543323,12,6,1.0,False,12,6,1.0,False,False,,connect,2,0.9152792096138,2,0.9152792096138,0.9152792096138,normal,normal,,,,False,False,False,False,False,True,12,True,4,4,0,0,0.0,0.0,in_scope,False,False,performance
SemiAuto_Test,v1.0,500,Z6MFQCViBuw_22fff6c74efb476592569c18718feb41.png,http://106.53.106.49:8000/data/mp3d_layout/test/img/Z6MFQCViBuw_22fff6c74efb476592569c18718feb41.png,semi,1,20.436,1.0,1.0,1.0,0.0,0.9942115107231585,0.9933349424349075,0.03165638819336891,1.0,True,,True,,,False,,n_pairs_mismatch,4.326939105987549,2.080129588748631,12,6,1.0,False,10,5,1.0,False,False,,connect,2,0.797660231590271,2,0.797660231590271,0.797660231590271,normal,normal,,,,False,False,False,False,False,True,10,True,4,4,0,0,0.0,0.0,in_scope,False,False,performance
SemiAuto_Test,v1.0,500,Z6MFQCViBuw_22fff6c74efb476592569c18718feb41.png,http://106.53.106.49:8000/data/mp3d_layout/test/img/Z6MFQCViBuw_22fff6c74efb476592569c18718feb41.png,semi,3,61.912,0.7976602528019239,1.0,0.7976602528019239,0.0,0.9962567423458574,0.9947366206010421,0.01704460009932518,1.0,True,,True,,,False,,n_pairs_mismatch,1.1053366661071777,1.0513499256228527,12,6,1.0,False,8,4,1.0,False,False,,connect,2,1.0,4,0.8381608724594116,0.8381608724594116,corner_duplicate;low_quality;normal;overextend_adjacent,normal,low_quality,overextend_adjacent;corner_duplicate,,False,False,False,False,False,True,8,True,4,4,0,0,0.0,0.0,in_scope,False,False,performance
SemiAuto_Test,v1.0,500,Z6MFQCViBuw_22fff6c74efb476592569c18718feb41.png,http://106.53.106.49:8000/data/mp3d_layout/test/img/Z6MFQCViBuw_22fff6c74efb476592569c18718feb41.png,semi,2,56.536,0.7976602528019239,1.0,0.7976602528019239,1.535999999999973,0.9862254664926012,0.9847286575936487,0.0230947844684124,1.0,True,,True,,,False,,n_pairs_mismatch,1.6192896366119385,1.2725131184439469,12,6,1.0,False,8,4,1.0,False,False,,connect,2,1.0,4,0.8381608724594116,0.8381608724594116,corner_duplicate;normal;occlusion;overextend_adjacent,normal,occlusion,overextend_adjacent;corner_duplicate,,False,False,True,False,False,True,8,True,4,4,0,0,0.0,0.0,in_scope,False,False,performance
SemiAuto_Test,v1.0,500,Z6MFQCViBuw_22fff6c74efb476592569c18718feb41.png,http://106.53.106.49:8000/data/mp3d_layout/test/img/Z6MFQCViBuw_22fff6c74efb476592569c18718feb41.png,semi,4,29.42,0.885411899909876,,0.885411899909876,34.386469620030674,0.9336628147579304,0.7751511843400175,0.47278904914855957,0.8641872406005859,True,,True,,,False,,n_pairs_mismatch,2108.46630859375,45.91803903253873,12,6,1.0,False,16,8,1.0,False,False,,connect,2,0.8381608724594116,2,0.8381608724594116,0.8381608724594116,normal,normal,,,,False,False,False,False,False,True,16,False,4,4,0,0,0.0,0.0,in_scope,False,False,performance
SemiAuto_Test,v1.0,501,X7HyMhZNoso_28ada927582d4d6ea7cf44cabf31527a.png,http://106.53.106.49:8000/data/mp3d_layout/test/img/X7HyMhZNoso_28ada927582d4d6ea7cf44cabf31527a.png,semi,1,18.45,1.0,1.0,1.0,0.0,1.0,1.0,0.0,1.0,True,,True,,0.0,True,0,,0.0,0.0,12,6,1.0,False,12,6,1.0,False,False,,connect,1,1.0,2,1.0,1.0,normal,normal,,,,False,False,False,False,False,True,12,True,4,4,0,0,0.0,0.0,in_scope,False,False,performance
SemiAuto_Test,v1.0,501,X7HyMhZNoso_28ada927582d4d6ea7cf44cabf31527a.png,http://106.53.106.49:8000/data/mp3d_layout/test/img/X7HyMhZNoso_28ada927582d4d6ea7cf44cabf31527a.png,semi,3,21.39,1.0,1.0,1.0,0.0,1.0,1.0,0.0,1.0,True,,True,,0.0,True,0,,0.0,0.0,12,6,1.0,False,12,6,1.0,False,False,,connect,1,1.0,1,1.0,1.0,normal,normal,,,,False,False,False,False,False,True,12,True,4,4,0,0,0.0,0.0,in_scope,False,False,performance
SemiAuto_Test,v1.0,501,X7HyMhZNoso_28ada927582d4d6ea7cf44cabf31527a.png,http://106.53.106.49:8000/data/mp3d_layout/test/img/X7HyMhZNoso_28ada927582d4d6ea7cf44cabf31527a.png,semi,2,29.697,1.0,1.0,1.0,0.0,1.0,1.0,0.0,1.0,True,,True,,0.0,True,0,,0.0,0.0,12,6,1.0,False,12,6,1.0,False,False,,connect,1,1.0,1,1.0,1.0,normal,normal,,,,False,False,False,False,False,True,12,True,4,4,0,0,0.0,0.0,in_scope,False,False,performance
SemiAuto_Test,v1.0,501,X7HyMhZNoso_28ada927582d4d6ea7cf44cabf31527a.png,http://106.53.106.49:8000/data/mp3d_layout/test/img/X7HyMhZNoso_28ada927582d4d6ea7cf44cabf31527a.png,semi,4,28.233,1.0,1.0,1.0,0.0,1.0,1.0,0.0,1.0,True,,True,,0.0,True,0,,0.0,0.0,12,6,1.0,False,12,6,1.0,False,False,,connect,1,1.0,1,1.0,1.0,normal,normal,,,,False,False,False,False,False,True,12,True,4,4,0,0,0.0,0.0,in_scope,False,False,performance
SemiAuto_Test,v1.0,502,uNb9QFRL6hY_dcb326d4bb9b4a5f8d7e565ec32bce8e.png,http://106.53.106.49:8000/data/mp3d_layout/test/img/uNb9QFRL6hY_dcb326d4bb9b4a5f8d7e565ec32bce8e.png,semi,1,14.014000000000001,1.0,1.0,1.0,0.0,1.0,1.0,0.0,1.0,True,,True,,0.0,True,0,,0.0,0.0,8,4,1.0,False,8,4,1.0,False,False,,connect,1,1.0,2,1.0,1.0,normal,normal,,,,False,False,False,False,False,True,8,True,4,4,0,0,0.0,0.0,in_scope,False,False,performance
SemiAuto_Test,v1.0,502,uNb9QFRL6hY_dcb326d4bb9b4a5f8d7e565ec32bce8e.png,http://106.53.106.49:8000/data/mp3d_layout/test/img/uNb9QFRL6hY_dcb326d4bb9b4a5f8d7e565ec32bce8e.png,semi,3,13.989,1.0,1.0,1.0,0.0,1.0,1.0,0.0,1.0,True,,True,,0.0,True,0,,0.0,0.0,8,4,1.0,False,8,4,1.0,False,False,,connect,1,1.0,1,1.0,1.0,normal,normal,,,,False,False,False,False,False,True,8,True,4,4,0,0,0.0,0.0,in_scope,False,False,performance
SemiAuto_Test,v1.0,502,uNb9QFRL6hY_dcb326d4bb9b4a5f8d7e565ec32bce8e.png,http://106.53.106.49:8000/data/mp3d_layout/test/img/uNb9QFRL6hY_dcb326d4bb9b4a5f8d7e565ec32bce8e.png,semi,2,33.203,1.0,1.0,1.0,0.0,1.0,1.0,0.0,1.0,True,,True,,0.0,True,0,,0.0,0.0,8,4,1.0,False,8,4,1.0,False,False,,connect,1,1.0,1,1.0,1.0,normal;occlusion,normal,occlusion,,,False,False,True,False,False,True,8,True,4,4,0,0,0.0,0.0,in_scope,False,False,performance
SemiAuto_Test,v1.0,502,uNb9QFRL6hY_dcb326d4bb9b4a5f8d7e565ec32bce8e.png,http://106.53.106.49:8000/data/mp3d_layout/test/img/uNb9QFRL6hY_dcb326d4bb9b4a5f8d7e565ec32bce8e.png,semi,4,16.613,0.8453549668037589,,0.8453549668037589,39.56395325680181,0.6993461187144867,0.6908700948793294,0.21554651856422424,0.9270496368408203,True,,True,,39.562629591019984,True,0,,622.5613403320312,24.951179137107555,8,4,1.0,False,8,4,1.0,False,False,,connect,1,0.8453549742698669,1,0.8453549742698669,0.8453549742698669,normal,normal,,,,False,False,False,False,False,True,8,False,4,4,0,0,0.0,0.0,in_scope,False,False,performance
SemiAuto_Test,v1.0,503,7y3sRwLe3Va_112edb40f34e470da3a5b04599e71211.png,http://106.53.106.49:8000/data/mp3d_layout/test/img/7y3sRwLe3Va_112edb40f34e470da3a5b04599e71211.png,semi,1,13.113,1.0,1.0,1.0,0.0,1.0,1.0,0.0,1.0,True,,True,,0.0,True,0,,0.0,0.0,8,4,1.0,False,8,4,1.0,False,False,,connect,3,0.9719617962837219,2,0.9681299924850464,0.9700459241867065,normal,normal,,,,False,False,False,False,False,True,8,True,3,3,0,0,0.0,0.0,in_scope,False,False,performance
SemiAuto_Test,v1.0,503,7y3sRwLe3Va_112edb40f34e470da3a5b04599e71211.png,http://106.53.106.49:8000/data/mp3d_layout/test/img/7y3sRwLe3Va_112edb40f34e470da3a5b04599e71211.png,semi,3,284.11,0.9719617698347047,1.0,0.9719617698347047,10.991642558359828,0.8878816357283136,0.8800488810738011,0.17008452117443085,0.9964866638183594,True,,True,,10.99163847354014,True,0,,138.91162109375,11.786077426088376,8,4,1.0,False,8,4,1.0,False,False,,connect,3,1.0,1,0.9719617962837219,0.9767166376113892,corner_drift;normal;occlusion;residual,normal,occlusion;residual,corner_drift,,False,False,True,False,True,True,8,True,3,3,0,0,0.0,0.0,in_scope,False,False,performance
SemiAuto_Test,v1.0,503,7y3sRwLe3Va_112edb40f34e470da3a5b04599e71211.png,http://106.53.106.49:8000/data/mp3d_layout/test/img/7y3sRwLe3Va_112edb40f34e470da3a5b04599e71211.png,semi,2,55.538,0.9681299724752365,1.0,0.9681299724752365,4.263727178431643,0.9844528817901254,0.9708218630858416,0.07365427166223526,1.0,True,,True,,4.251446197388262,True,0,,55.213287353515625,7.430564403429636,8,4,1.0,False,8,4,1.0,False,False,,connect,3,0.9814715385437012,1,0.9681299924850464,0.9748007655143738,corner_drift;low_texture;normal;occlusion,normal,occlusion;low_texture,corner_drift,,False,False,True,False,False,True,8,True,3,3,0,0,0.0,0.0,in_scope,False,False,performance
SemiAuto_Test,v1.0,504,q9vSo1VnCiC_9ba6cd412cb04c5c9beb15ef9e6d22c5.png,http://106.53.106.49:8000/data/mp3d_layout/test/img/q9vSo1VnCiC_9ba6cd412cb04c5c9beb15ef9e6d22c5.png,semi,1,16.695,1.0,1.0,1.0,0.0,1.0,1.0,0.0,1.0,True,,True,,0.0,True,0,,0.0,0.0,8,4,1.0,False,8,4,1.0,False,False,,connect,1,1.0,2,1.0,1.0,normal,normal,,,,False,False,False,False,False,True,8,True,3,3,0,0,0.0,0.0,in_scope,False,False,performance
SemiAuto_Test,v1.0,504,q9vSo1VnCiC_9ba6cd412cb04c5c9beb15ef9e6d22c5.png,http://106.53.106.49:8000/data/mp3d_layout/test/img/q9vSo1VnCiC_9ba6cd412cb04c5c9beb15ef9e6d22c5.png,semi,3,19.308,1.0,1.0,1.0,0.0,1.0,1.0,0.0,1.0,True,,True,,0.0,True,0,,0.0,0.0,8,4,1.0,False,8,4,1.0,False,False,,connect,1,1.0,1,1.0,1.0,corner_drift;normal,normal,,corner_drift,,False,False,False,False,False,True,8,True,3,3,0,0,0.0,0.0,in_scope,False,False,performance
SemiAuto_Test,v1.0,504,q9vSo1VnCiC_9ba6cd412cb04c5c9beb15ef9e6d22c5.png,http://106.53.106.49:8000/data/mp3d_layout/test/img/q9vSo1VnCiC_9ba6cd412cb04c5c9beb15ef9e6d22c5.png,semi,2,35.176,1.0,1.0,1.0,6.1402956464183545,0.9078190412925427,0.8889253702979699,0.12004012614488602,1.0,True,,True,,6.137002823031968,True,0,,17.627784729003906,4.198545549235343,8,4,1.0,False,8,4,1.0,False,False,,connect,1,1.0,1,1.0,1.0,corner_drift;normal,normal,,corner_drift,,False,False,False,False,False,True,8,True,3,3,0,0,0.0,0.0,in_scope,False,False,performance
SemiAuto_Test,v1.0,505,B6ByNegPMKs_48ee619d38b142f88914e7e2582bc1d8.png,http://106.53.106.49:8000/data/mp3d_layout/test/img/B6ByNegPMKs_48ee619d38b142f88914e7e2582bc1d8.png,semi,1,39.625,0.9659162250946675,1.0,0.9659162250946675,8.696719496794627,0.9964598587786955,0.9914278949606881,0.01895173266530037,1.0,True,,True,,8.688255222344344,True,0,,0.7136412262916565,0.8447728844438939,12,6,1.0,False,12,6,1.0,False,False,,connect,2,0.9026068449020386,2,0.9026068449020386,0.8616778254508972,normal,normal,,,,False,False,False,False,False,True,12,True,3,3,0,0,0.0,0.0,in_scope,False,False,performance
SemiAuto_Test,v1.0,505,B6ByNegPMKs_48ee619d38b142f88914e7e2582bc1d8.png,http://106.53.106.49:8000/data/mp3d_layout/test/img/B6ByNegPMKs_48ee619d38b142f88914e7e2582bc1d8.png,semi,3,216.681,0.8329934895081764,1.0,0.8329934895081764,15.0298270475252,0.9095045996757739,0.771461778681359,0.44778892397880554,0.650787353515625,True,,True,,,False,,n_pairs_mismatch,573.2993774414062,23.943670926602007,12,6,1.0,False,8,4,1.0,False,False,,connect,2,0.8215146660804749,1,0.8207488059997559,0.821131706237793,corner_duplicate;corner_mismatch;low_texture;normal;occlusion,normal,occlusion;low_texture,corner_duplicate;corner_mismatch,,False,False,True,False,False,True,8,True,3,3,0,0,0.0,0.0,in_scope,False,False,performance
SemiAuto_Test,v1.0,505,B6ByNegPMKs_48ee619d38b142f88914e7e2582bc1d8.png,http://106.53.106.49:8000/data/mp3d_layout/test/img/B6ByNegPMKs_48ee619d38b142f88914e7e2582bc1d8.png,semi,2,32.094,0.8718425685583179,1.0,0.8718425685583179,0.0,0.9762340875216018,0.9761045283499032,0.05305326357483864,1.0,True,,True,,,False,,n_pairs_mismatch,9.022493362426758,3.003746554292948,12,6,1.0,False,8,4,1.0,False,False,,connect,2,1.0,1,0.9026068449020386,0.8620607852935791,corner_drift;corner_duplicate;normal;occlusion,normal,occlusion,corner_drift;corner_duplicate,,False,False,True,False,False,True,8,True,3,3,0,0,0.0,0.0,in_scope,False,False,performance
SemiAuto_Test,v1.0,506,B6ByNegPMKs_3ed1f9b2f3c341d68c6d42895f56f7f9.png,http://106.53.106.49:8000/data/mp3d_layout/test/img/B6ByNegPMKs_3ed1f9b2f3c341d68c6d42895f56f7f9.png,semi,1,11.652,1.0,1.0,1.0,0.0,1.0,1.0,0.0,1.0,True,,True,,0.0,True,0,,0.0,0.0,8,4,1.0,False,8,4,1.0,False,False,,connect,1,1.0,2,1.0,1.0,normal,normal,,,,False,False,False,False,False,True,8,True,3,3,0,0,0.0,0.0,in_scope,False,False,performance
SemiAuto_Test,v1.0,506,B6ByNegPMKs_3ed1f9b2f3c341d68c6d42895f56f7f9.png,http://106.53.106.49:8000/data/mp3d_layout/test/img/B6ByNegPMKs_3ed1f9b2f3c341d68c6d42895f56f7f9.png,semi,3,41.337,1.0,1.0,1.0,0.0,1.0,1.0,0.0,1.0,True,,True,,0.0,True,0,,0.0,0.0,8,4,1.0,False,8,4,1.0,False,False,,connect,1,1.0,1,1.0,1.0,normal;occlusion,normal,occlusion,,,False,False,True,False,False,True,8,True,3,3,0,0,0.0,0.0,in_scope,False,False,performance
SemiAuto_Test,v1.0,506,B6ByNegPMKs_3ed1f9b2f3c341d68c6d42895f56f7f9.png,http://106.53.106.49:8000/data/mp3d_layout/test/img/B6ByNegPMKs_3ed1f9b2f3c341d68c6d42895f56f7f9.png,semi,2,13.029,1.0,1.0,1.0,0.0,1.0,1.0,0.0,1.0,True,,True,,0.0,True,0,,0.0,0.0,8,4,1.0,False,8,4,1.0,False,False,,connect,1,1.0,1,1.0,1.0,normal;occlusion,normal,occlusion,,,False,False,True,False,False,True,8,True,3,3,0,0,0.0,0.0,in_scope,False,False,performance
SemiAuto_Test,v1.0,508,Z6MFQCViBuw_80cd596c480c4f72a7457433b862d179.png,http://106.53.106.49:8000/data/mp3d_layout/test/img/Z6MFQCViBuw_80cd596c480c4f72a7457433b862d179.png,semi,1,35.232,1.0,1.0,1.0,0.0,1.0,1.0,0.0,1.0,True,,True,,0.0,True,0,,0.0,0.0,8,4,1.0,False,8,4,1.0,False,False,,connect,1,1.0,2,1.0,1.0,normal,normal,,,,False,False,False,False,False,True,8,True,3,3,0,0,0.0,0.0,in_scope,False,False,performance
SemiAuto_Test,v1.0,508,Z6MFQCViBuw_80cd596c480c4f72a7457433b862d179.png,http://106.53.106.49:8000/data/mp3d_layout/test/img/Z6MFQCViBuw_80cd596c480c4f72a7457433b862d179.png,semi,3,3.696,1.0,1.0,1.0,0.0,1.0,1.0,0.0,1.0,True,,True,,0.0,True,0,,0.0,0.0,8,4,1.0,False,8,4,1.0,False,False,,connect,1,1.0,1,1.0,1.0,normal,normal,,,,False,False,False,False,False,True,8,True,3,3,0,0,0.0,0.0,in_scope,False,False,performance
SemiAuto_Test,v1.0,508,Z6MFQCViBuw_80cd596c480c4f72a7457433b862d179.png,http://106.53.106.49:8000/data/mp3d_layout/test/img/Z6MFQCViBuw_80cd596c480c4f72a7457433b862d179.png,semi,2,2.834,1.0,1.0,1.0,0.0,1.0,1.0,0.0,1.0,True,,True,,0.0,True,0,,0.0,0.0,8,4,1.0,False,8,4,1.0,False,False,,connect,1,1.0,1,1.0,1.0,normal,normal,,,,False,False,False,False,False,True,8,True,3,3,0,0,0.0,0.0,in_scope,False,False,performance
