task_id,annotation_id,annotator_id,base_task_id,title,normalized_title,planned_stage,planned_condition,runtime_condition,dataset_group,source_pool,is_anchor,has_expert_ref,init_type,schema_version,compat_scope,compat_difficulty,compat_model_issue,compat_review_needed,is_oos,is_fail,lead_time_seconds,active_time_value,active_time_source,task_join_status,matched_registry_uid,matched_registry_candidate_count
460,88,1,x7hymhznoso_b6f452209a62499795e5bd137214a7f9,X7HyMhZNoso_b6f452209a62499795e5bd137214a7f9.png,x7hymhznoso_b6f452209a62499795e5bd137214a7f9,,,semi,,,False,False,,v2_structured,oos_geometry,residual,overextend_adjacent,False,true,false,406.636,406.636,lead_time_fallback,unmatched,,0
466,89,1,B6ByNegPMKs_bdc0695537064383b5cc5dbcff2a0b99,B6ByNegPMKs_bdc0695537064383b5cc5dbcff2a0b99.png,b6bynegpmks_bdc0695537064383b5cc5dbcff2a0b99,validation_semi,semi,semi,Validation_semi,validation_semi,False,False,,v2_structured,normal,trivial;occlusion,acceptable,False,false,false,19.798,19.798,lead_time_fallback,matched_by_title,stage3_validation_semi:58,1
467,90,1,X7HyMhZNoso_445ae0203f294b5c9889505576e37998,X7HyMhZNoso_445ae0203f294b5c9889505576e37998.png,x7hymhznoso_445ae0203f294b5c9889505576e37998,semiauto_test,semi,semi,SemiAuto_Test,semiauto_test,False,False,,v2_structured,normal,occlusion,acceptable,False,false,false,32.071,32.071,lead_time_fallback,matched_by_title_condition,stage3_semiauto_test:9,2
468,91,1,unb9qfrl6hy_1434b965c3c147419c4ff40310633b58,uNb9QFRL6hY_1434b965c3c147419c4ff40310633b58.png,unb9qfrl6hy_1434b965c3c147419c4ff40310633b58,,,semi,,,False,False,,v2_structured,normal,occlusion,acceptable,False,false,false,20.771,20.771,lead_time_fallback,unmatched,,0
469,92,1,q9vSo1VnCiC_a412536ff52747d3b078f66e764cf103,q9vSo1VnCiC_a412536ff52747d3b078f66e764cf103.png,q9vso1vncic_a412536ff52747d3b078f66e764cf103,prescreen_semi,semi,semi,PreScreen_semi,prescreen_semi,False,False,clean,v2_structured,normal,occlusion;low_texture,acceptable,False,false,false,31.83,31.83,lead_time_fallback,matched_by_title,stage1_prescreen_semi:6,1
470,93,1,UwV83HsGsw3_7482b1a2655e4655ae4ab58749f43f65,UwV83HsGsw3_7482b1a2655e4655ae4ab58749f43f65.png,uwv83hsgsw3_7482b1a2655e4655ae4ab58749f43f65,semiauto_test,semi,semi,SemiAuto_Test,semiauto_test,False,False,,v2_structured,normal,seam;reflection,overextend_adjacent,False,false,false,67.056,67.056,lead_time_fallback,matched_by_title_condition,stage3_semiauto_test:97,2
471,94,1,b6bynegpmks_b5dcbc0109a344a281d8ae467ccf3fc2,B6ByNegPMKs_b5dcbc0109a344a281d8ae467ccf3fc2.png,b6bynegpmks_b5dcbc0109a344a281d8ae467ccf3fc2,,,semi,,,False,False,,v2_structured,normal,trivial;reflection,acceptable,False,false,false,28.857,28.857,lead_time_fallback,ambiguous,,2
472,95,1,wc2jmjhgnzb_074ac1d681e3415081b89cf582e1e995,wc2JMjhGNzB_074ac1d681e3415081b89cf582e1e995.png,wc2jmjhgnzb_074ac1d681e3415081b89cf582e1e995,,,semi,,,False,False,,v2_structured,normal,low_texture,acceptable,False,false,false,69.718,69.718,lead_time_fallback,ambiguous,,2
473,96,1,q9vso1vncic_3e5aacbc10904d4b88660a3cb91efcb9,q9vSo1VnCiC_3e5aacbc10904d4b88660a3cb91efcb9.png,q9vso1vncic_3e5aacbc10904d4b88660a3cb91efcb9,,,semi,,,False,False,,v2_structured,oos_geometry,occlusion;residual,corner_drift;topology_failure;over_parsing;fail,False,true,true,313.4,313.4,lead_time_fallback,unmatched,,0
474,40,3,unb9qfrl6hy_8b6f1b0b025848b482e747ab6a027b97,uNb9QFRL6hY_8b6f1b0b025848b482e747ab6a027b97.png,unb9qfrl6hy_8b6f1b0b025848b482e747ab6a027b97,,,semi,,,False,False,,v2_structured,normal,occlusion,corner_drift,False,false,false,1124.848,150.0,log,unmatched,,0
474,75,4,unb9qfrl6hy_8b6f1b0b025848b482e747ab6a027b97,uNb9QFRL6hY_8b6f1b0b025848b482e747ab6a027b97.png,unb9qfrl6hy_8b6f1b0b025848b482e747ab6a027b97,,,semi,,,False,False,,v2_structured,normal,low_texture;residual,corner_drift;corner_duplicate,False,false,false,33.315,37.0,log,unmatched,,0
475,41,3,wc2JMjhGNzB_1d8917d25abb4a77a0da9583dc82c17c,wc2JMjhGNzB_1d8917d25abb4a77a0da9583dc82c17c.png,wc2jmjhgnzb_1d8917d25abb4a77a0da9583dc82c17c,prescreen_manual,manual,semi,PreScreen_manual,prescreen_manual,False,False,,v2_structured,normal,occlusion;low_texture;residual,fail,False,false,true,82.489,37.0,log,matched_by_title,stage1_prescreen_manual:24,1
475,76,4,wc2JMjhGNzB_1d8917d25abb4a77a0da9583dc82c17c,wc2JMjhGNzB_1d8917d25abb4a77a0da9583dc82c17c.png,wc2jmjhgnzb_1d8917d25abb4a77a0da9583dc82c17c,prescreen_manual,manual,semi,PreScreen_manual,prescreen_manual,False,False,,v2_structured,normal,occlusion,corner_drift;fail,False,false,true,59.473,92.0,log,matched_by_title,stage1_prescreen_manual:24,1
476,42,3,uNb9QFRL6hY_a38a8c6dced34d8bb18fb67165c099f2,uNb9QFRL6hY_a38a8c6dced34d8bb18fb67165c099f2.png,unb9qfrl6hy_a38a8c6dced34d8bb18fb67165c099f2,semiauto_test,semi,semi,SemiAuto_Test,semiauto_test,False,False,,v2_structured,oos_split_level,low_quality;residual,corner_drift,False,true,false,155.877,56.0,log,matched_by_title_condition,stage3_semiauto_test:67,2
476,77,4,uNb9QFRL6hY_a38a8c6dced34d8bb18fb67165c099f2,uNb9QFRL6hY_a38a8c6dced34d8bb18fb67165c099f2.png,unb9qfrl6hy_a38a8c6dced34d8bb18fb67165c099f2,semiauto_test,semi,semi,SemiAuto_Test,semiauto_test,False,False,,v2_structured,oos_split_level,residual,corner_drift;corner_duplicate;fail,False,true,true,259.336,95.0,log,matched_by_title_condition,stage3_semiauto_test:67,2
477,32,2,unb9qfrl6hy_aed830f085ee4ad88ef6bed7f66f1359,uNb9QFRL6hY_aed830f085ee4ad88ef6bed7f66f1359.png,unb9qfrl6hy_aed830f085ee4ad88ef6bed7f66f1359,,,semi,,,False,False,,v2_structured,normal,occlusion;low_quality;residual,,False,false,false,128.211,464.0,log,ambiguous,,2
477,43,3,unb9qfrl6hy_aed830f085ee4ad88ef6bed7f66f1359,uNb9QFRL6hY_aed830f085ee4ad88ef6bed7f66f1359.png,unb9qfrl6hy_aed830f085ee4ad88ef6bed7f66f1359,,,semi,,,False,False,,v2_structured,normal,occlusion;low_texture;residual,corner_duplicate,False,false,false,105.164,54.0,log,ambiguous,,2
477,78,4,unb9qfrl6hy_aed830f085ee4ad88ef6bed7f66f1359,uNb9QFRL6hY_aed830f085ee4ad88ef6bed7f66f1359.png,unb9qfrl6hy_aed830f085ee4ad88ef6bed7f66f1359,,,semi,,,False,False,,v2_structured,normal,occlusion,corner_drift;corner_duplicate;fail,False,false,true,28.059,19.0,log,ambiguous,,2
478,97,1,q9vSo1VnCiC_5deeec8cee844e6e9899bfff35b06f5d,q9vSo1VnCiC_5deeec8cee844e6e9899bfff35b06f5d.png,q9vso1vncic_5deeec8cee844e6e9899bfff35b06f5d,validation_semi,semi,semi,Validation_semi,validation_semi,False,False,,v2_structured,normal,trivial;occlusion,acceptable,False,false,false,10.116,10.116,lead_time_fallback,matched_by_title,stage3_validation_semi:23,1
479,33,2,e9zR4mvMWw7_0ee61863ec0c4c06bac95fb886e98945,e9zR4mvMWw7_0ee61863ec0c4c06bac95fb886e98945.png,e9zr4mvmww7_0ee61863ec0c4c06bac95fb886e98945,semiauto_test,semi,semi,SemiAuto_Test,semiauto_test,False,False,,legacy_quality_only,normal,,,True,false,false,3.13,754.0,log,matched_by_title_condition,stage3_semiauto_test:23,2
479,44,3,e9zR4mvMWw7_0ee61863ec0c4c06bac95fb886e98945,e9zR4mvMWw7_0ee61863ec0c4c06bac95fb886e98945.png,e9zr4mvmww7_0ee61863ec0c4c06bac95fb886e98945,semiauto_test,semi,semi,SemiAuto_Test,semiauto_test,False,False,,v2_structured,normal,,,False,false,false,15.603,68.0,log,matched_by_title_condition,stage3_semiauto_test:23,2
479,79,4,e9zR4mvMWw7_0ee61863ec0c4c06bac95fb886e98945,e9zR4mvMWw7_0ee61863ec0c4c06bac95fb886e98945.png,e9zr4mvmww7_0ee61863ec0c4c06bac95fb886e98945,semiauto_test,semi,semi,SemiAuto_Test,semiauto_test,False,False,,v2_structured,normal,low_texture;seam,corner_drift;corner_duplicate;topology_failure;over_parsing;fail,False,false,true,49.299,37.0,log,matched_by_title_condition,stage3_semiauto_test:23,2
480,34,2,e9zR4mvMWw7_0977162f6d4e47f7b3764379ba68d8db,e9zR4mvMWw7_0977162f6d4e47f7b3764379ba68d8db.png,e9zr4mvmww7_0977162f6d4e47f7b3764379ba68d8db,semiauto_test,semi,semi,SemiAuto_Test,semiauto_test,False,False,,legacy_quality_only,normal,,,True,false,false,11.456,42.0,log,matched_by_title_condition,stage3_semiauto_test:84,2
480,45,3,e9zR4mvMWw7_0977162f6d4e47f7b3764379ba68d8db,e9zR4mvMWw7_0977162f6d4e47f7b3764379ba68d8db.png,e9zr4mvmww7_0977162f6d4e47f7b3764379ba68d8db,semiauto_test,semi,semi,SemiAuto_Test,semiauto_test,False,False,,v2_structured,normal,,corner_drift,False,false,false,159.591,94.0,log,matched_by_title_condition,stage3_semiauto_test:84,2
480,80,4,e9zR4mvMWw7_0977162f6d4e47f7b3764379ba68d8db,e9zR4mvMWw7_0977162f6d4e47f7b3764379ba68d8db.png,e9zr4mvmww7_0977162f6d4e47f7b3764379ba68d8db,semiauto_test,semi,semi,SemiAuto_Test,semiauto_test,False,False,,v2_structured,normal,seam;reflection,corner_drift,False,false,false,29.846,18.0,log,matched_by_title_condition,stage3_semiauto_test:84,2
481,98,1,wc2jmjhgnzb_ec04ef10a0664e94878aa2d0f1720c2f,wc2JMjhGNzB_ec04ef10a0664e94878aa2d0f1720c2f.png,wc2jmjhgnzb_ec04ef10a0664e94878aa2d0f1720c2f,,,semi,,,False,False,,v2_structured,normal,reflection,corner_drift;over_parsing,False,false,false,17.797,17.797,lead_time_fallback,unmatched,,0
482,99,1,unb9qfrl6hy_ba24e5a57ef34c6dbc0458ed4c1e701d,uNb9QFRL6hY_ba24e5a57ef34c6dbc0458ed4c1e701d.png,unb9qfrl6hy_ba24e5a57ef34c6dbc0458ed4c1e701d,,,semi,,,False,False,,v2_structured,oos_open_boundary,seam;residual,overextend_adjacent;corner_drift;corner_duplicate;topology_failure;over_parsing;fail,False,true,true,24.687,24.687,lead_time_fallback,unmatched,,0
483,100,1,rpc6dw4imge_0a84204ae666476f97095e784a772323,rPc6DW4iMge_0a84204ae666476f97095e784a772323.png,rpc6dw4imge_0a84204ae666476f97095e784a772323,,,semi,,,False,False,,v2_structured,normal,trivial;occlusion,acceptable,False,false,false,64.527,64.527,lead_time_fallback,unmatched,,0
484,101,1,X7HyMhZNoso_a59d092e0c50479089a85c2b36dd6d20,X7HyMhZNoso_a59d092e0c50479089a85c2b36dd6d20.png,x7hymhznoso_a59d092e0c50479089a85c2b36dd6d20,validation_semi,semi,semi,Validation_semi,validation_semi,False,False,,v2_structured,normal,trivial;occlusion,acceptable,False,false,false,12.948,12.948,lead_time_fallback,matched_by_title,stage3_validation_semi:55,1
485,102,1,wc2JMjhGNzB_6e491bc8576345bda3cdde9ab216b7be,wc2JMjhGNzB_6e491bc8576345bda3cdde9ab216b7be.png,wc2jmjhgnzb_6e491bc8576345bda3cdde9ab216b7be,semiauto_test,semi,semi,SemiAuto_Test,semiauto_test,False,False,,v2_structured,normal,trivial,acceptable,False,false,false,10.008,10.008,lead_time_fallback,matched_by_title_condition,stage3_semiauto_test:1,2
486,103,1,wc2jmjhgnzb_ea42bf32a1984ae399c9f96d9b62b635,wc2JMjhGNzB_ea42bf32a1984ae399c9f96d9b62b635.png,wc2jmjhgnzb_ea42bf32a1984ae399c9f96d9b62b635,,,semi,,,False,False,,v2_structured,normal,trivial;occlusion,acceptable,False,false,false,7.577,7.577,lead_time_fallback,ambiguous,,2
487,104,1,uNb9QFRL6hY_85e7a14905bd44648061e3eb7f79cf13,uNb9QFRL6hY_85e7a14905bd44648061e3eb7f79cf13.png,unb9qfrl6hy_85e7a14905bd44648061e3eb7f79cf13,gold_manual,manual,semi,Gold_manual,gold_manual,False,False,,v2_structured,normal,trivial;occlusion,acceptable,False,false,false,11.336,11.336,lead_time_fallback,matched_by_title,stage3_gold_manual:17,1
488,105,1,uwv83hsgsw3_a497aa9041fd41b3b5e6f3cab0849f98,UwV83HsGsw3_a497aa9041fd41b3b5e6f3cab0849f98.png,uwv83hsgsw3_a497aa9041fd41b3b5e6f3cab0849f98,,,semi,,,False,False,,v2_structured,normal,trivial;occlusion,acceptable,False,false,false,11.28,11.28,lead_time_fallback,unmatched,,0
489,106,1,wc2JMjhGNzB_2880c0784aa0462a8070b30416752de6,wc2JMjhGNzB_2880c0784aa0462a8070b30416752de6.png,wc2jmjhgnzb_2880c0784aa0462a8070b30416752de6,gold_manual,manual,semi,Gold_manual,gold_manual,False,False,,v2_structured,normal,occlusion,acceptable,False,false,false,9.895,9.895,lead_time_fallback,matched_by_title,stage3_gold_manual:14,1
490,107,1,e9zR4mvMWw7_1f8ee74dbb254dff85771776279eae94,e9zR4mvMWw7_1f8ee74dbb254dff85771776279eae94.png,e9zr4mvmww7_1f8ee74dbb254dff85771776279eae94,prescreen_manual,manual,semi,PreScreen_manual,prescreen_manual,False,False,,v2_structured,normal,occlusion,acceptable,False,false,false,6.858,6.858,lead_time_fallback,matched_by_title,stage1_prescreen_manual:28,1
491,35,2,uNb9QFRL6hY_26b3b14f6ce047489259ab14d131122d,uNb9QFRL6hY_26b3b14f6ce047489259ab14d131122d.png,unb9qfrl6hy_26b3b14f6ce047489259ab14d131122d,prescreen_semi,semi,semi,PreScreen_semi,prescreen_semi,False,False,clean,legacy_quality_only,normal,,,True,false,false,135.21,43.0,log,matched_by_title,stage1_prescreen_semi:19,1
491,46,3,uNb9QFRL6hY_26b3b14f6ce047489259ab14d131122d,uNb9QFRL6hY_26b3b14f6ce047489259ab14d131122d.png,unb9qfrl6hy_26b3b14f6ce047489259ab14d131122d,prescreen_semi,semi,semi,PreScreen_semi,prescreen_semi,False,False,clean,v2_structured,normal,occlusion,corner_drift,False,false,false,232.393,58.0,log,matched_by_title,stage1_prescreen_semi:19,1
491,81,4,uNb9QFRL6hY_26b3b14f6ce047489259ab14d131122d,uNb9QFRL6hY_26b3b14f6ce047489259ab14d131122d.png,unb9qfrl6hy_26b3b14f6ce047489259ab14d131122d,prescreen_semi,semi,semi,PreScreen_semi,prescreen_semi,False,False,clean,v2_structured,normal,trivial;occlusion,acceptable,False,false,false,14.45,12.0,log,matched_by_title,stage1_prescreen_semi:19,1
492,36,2,e9zR4mvMWw7_1daae4b7becc43949516096170ce2a76,e9zR4mvMWw7_1daae4b7becc43949516096170ce2a76.png,e9zr4mvmww7_1daae4b7becc43949516096170ce2a76,semiauto_test,semi,semi,SemiAuto_Test,semiauto_test,False,False,,legacy_quality_only,normal,,,True,false,false,7.111,30.0,log,matched_by_title_condition,stage3_semiauto_test:21,2
492,47,3,e9zR4mvMWw7_1daae4b7becc43949516096170ce2a76,e9zR4mvMWw7_1daae4b7becc43949516096170ce2a76.png,e9zr4mvmww7_1daae4b7becc43949516096170ce2a76,semiauto_test,semi,semi,SemiAuto_Test,semiauto_test,False,False,,v2_structured,normal,,corner_drift,False,false,false,81.968,45.0,log,matched_by_title_condition,stage3_semiauto_test:21,2
492,82,4,e9zR4mvMWw7_1daae4b7becc43949516096170ce2a76,e9zR4mvMWw7_1daae4b7becc43949516096170ce2a76.png,e9zr4mvmww7_1daae4b7becc43949516096170ce2a76,semiauto_test,semi,semi,SemiAuto_Test,semiauto_test,False,False,,v2_structured,normal,trivial;occlusion,acceptable,False,false,false,12.812,26.0,log,matched_by_title_condition,stage3_semiauto_test:21,2
493,37,2,e9zR4mvMWw7_f7ab5b3ece274b48be57eb65bb6d4814,e9zR4mvMWw7_f7ab5b3ece274b48be57eb65bb6d4814.png,e9zr4mvmww7_f7ab5b3ece274b48be57eb65bb6d4814,prescreen_semi,semi,semi,PreScreen_semi,prescreen_semi,False,False,clean,legacy_quality_only,,,fail,True,,true,78.599,117.0,log,matched_by_title,stage1_prescreen_semi:21,1
493,48,3,e9zR4mvMWw7_f7ab5b3ece274b48be57eb65bb6d4814,e9zR4mvMWw7_f7ab5b3ece274b48be57eb65bb6d4814.png,e9zr4mvmww7_f7ab5b3ece274b48be57eb65bb6d4814,prescreen_semi,semi,semi,PreScreen_semi,prescreen_semi,False,False,clean,v2_structured,normal,occlusion;low_quality,overextend_adjacent;corner_duplicate,False,false,false,121.734,30.0,log,matched_by_title,stage1_prescreen_semi:21,1
494,38,2,B6ByNegPMKs_c36b46ddcadf4896a2aa0abca657f33d,B6ByNegPMKs_c36b46ddcadf4896a2aa0abca657f33d.png,b6bynegpmks_c36b46ddcadf4896a2aa0abca657f33d,prescreen_manual,manual,semi,PreScreen_manual,prescreen_manual,False,False,,legacy_quality_only,normal,,,True,false,false,2.935,42.0,log,matched_by_title,stage1_prescreen_manual:22,1
494,49,3,B6ByNegPMKs_c36b46ddcadf4896a2aa0abca657f33d,B6ByNegPMKs_c36b46ddcadf4896a2aa0abca657f33d.png,b6bynegpmks_c36b46ddcadf4896a2aa0abca657f33d,prescreen_manual,manual,semi,PreScreen_manual,prescreen_manual,False,False,,v2_structured,normal,trivial,acceptable,False,false,false,43.722,9.0,log,matched_by_title,stage1_prescreen_manual:22,1
495,39,2,yqstnuAEVhm_66ecc07f3cda4d8ebaf84288325669f5,yqstnuAEVhm_66ecc07f3cda4d8ebaf84288325669f5.png,yqstnuaevhm_66ecc07f3cda4d8ebaf84288325669f5,calibration_semi,semi,semi,Calibration_semi,calibration_semi,False,False,,legacy_quality_only,oos_split_level,,,True,true,false,28.64,34.0,log,matched_by_title_condition,stage2_calibration_semi:22,3
495,50,3,yqstnuAEVhm_66ecc07f3cda4d8ebaf84288325669f5,yqstnuAEVhm_66ecc07f3cda4d8ebaf84288325669f5.png,yqstnuaevhm_66ecc07f3cda4d8ebaf84288325669f5,calibration_semi,semi,semi,Calibration_semi,calibration_semi,False,False,,v2_structured,oos_split_level,occlusion;reflection,overextend_adjacent;corner_drift;over_parsing,False,true,false,137.647,19.0,log,matched_by_title_condition,stage2_calibration_semi:22,3
496,51,3,7y3sRwLe3Va_6376b741b50a4418b3dc3fde791c3c09,7y3sRwLe3Va_6376b741b50a4418b3dc3fde791c3c09.png,7y3srwle3va_6376b741b50a4418b3dc3fde791c3c09,gold_manual,manual,semi,Gold_manual,gold_manual,False,False,,v2_structured,oos_split_level,,corner_drift,False,true,false,90.995,22.0,log,matched_by_title,stage3_gold_manual:2,1
496,63,2,7y3sRwLe3Va_6376b741b50a4418b3dc3fde791c3c09,7y3sRwLe3Va_6376b741b50a4418b3dc3fde791c3c09.png,7y3srwle3va_6376b741b50a4418b3dc3fde791c3c09,gold_manual,manual,semi,Gold_manual,gold_manual,False,False,,v2_structured,oos_split_level,occlusion;low_texture,corner_drift,False,true,false,79.711,35.0,log,matched_by_title,stage3_gold_manual:2,1
497,52,3,unb9qfrl6hy_d02f87bbb0414146a7a15070110a0384,uNb9QFRL6hY_d02f87bbb0414146a7a15070110a0384.png,unb9qfrl6hy_d02f87bbb0414146a7a15070110a0384,,,semi,,,False,False,,v2_structured,normal,occlusion,,False,false,false,30.048,10.0,log,unmatched,,0
497,64,2,unb9qfrl6hy_d02f87bbb0414146a7a15070110a0384,uNb9QFRL6hY_d02f87bbb0414146a7a15070110a0384.png,unb9qfrl6hy_d02f87bbb0414146a7a15070110a0384,,,semi,,,False,False,,v2_structured,normal,occlusion,corner_drift,False,false,false,33.729,30.0,log,unmatched,,0
498,53,3,b8ctxdm8gdg_d38c4ae95f5b4640a2696b923b80d1f4,b8cTxDM8gDG_d38c4ae95f5b4640a2696b923b80d1f4.png,b8ctxdm8gdg_d38c4ae95f5b4640a2696b923b80d1f4,,,semi,,,False,False,,v2_structured,oos_split_level,,overextend_adjacent,False,true,false,76.731,43.0,log,unmatched,,0
498,65,2,b8ctxdm8gdg_d38c4ae95f5b4640a2696b923b80d1f4,b8cTxDM8gDG_d38c4ae95f5b4640a2696b923b80d1f4.png,b8ctxdm8gdg_d38c4ae95f5b4640a2696b923b80d1f4,,,semi,,,False,False,,v2_structured,oos_split_level,occlusion,overextend_adjacent,False,true,false,56.963,62.0,log,unmatched,,0
498,87,4,b8ctxdm8gdg_d38c4ae95f5b4640a2696b923b80d1f4,b8cTxDM8gDG_d38c4ae95f5b4640a2696b923b80d1f4.png,b8ctxdm8gdg_d38c4ae95f5b4640a2696b923b80d1f4,,,semi,,,False,False,,v2_structured,normal,occlusion;low_texture,corner_drift;corner_duplicate;over_parsing,False,false,false,44.225,30.0,log,unmatched,,0
499,54,3,q9vSo1VnCiC_1cd414875b9b4311bc6a179d91e6270d,q9vSo1VnCiC_1cd414875b9b4311bc6a179d91e6270d.png,q9vso1vncic_1cd414875b9b4311bc6a179d91e6270d,calibration_semi,semi,semi,Calibration_semi,calibration_semi,False,False,,v2_structured,normal,occlusion,overextend_adjacent;corner_duplicate,False,false,false,127.274,22.0,log,matched_by_title_condition,stage2_calibration_semi:18,3
499,66,2,q9vSo1VnCiC_1cd414875b9b4311bc6a179d91e6270d,q9vSo1VnCiC_1cd414875b9b4311bc6a179d91e6270d.png,q9vso1vncic_1cd414875b9b4311bc6a179d91e6270d,calibration_semi,semi,semi,Calibration_semi,calibration_semi,False,False,,v2_structured,normal,,overextend_adjacent;corner_duplicate,False,false,false,54.898,100.0,log,matched_by_title_condition,stage2_calibration_semi:18,3
499,83,4,q9vSo1VnCiC_1cd414875b9b4311bc6a179d91e6270d,q9vSo1VnCiC_1cd414875b9b4311bc6a179d91e6270d.png,q9vso1vncic_1cd414875b9b4311bc6a179d91e6270d,calibration_semi,semi,semi,Calibration_semi,calibration_semi,False,False,,v2_structured,normal,occlusion;low_texture,corner_drift;corner_duplicate,False,false,false,34.669,24.0,log,matched_by_title_condition,stage2_calibration_semi:18,3
500,55,3,z6mfqcvibuw_22fff6c74efb476592569c18718feb41,Z6MFQCViBuw_22fff6c74efb476592569c18718feb41.png,z6mfqcvibuw_22fff6c74efb476592569c18718feb41,,,semi,,,False,False,,v2_structured,normal,low_quality,overextend_adjacent;corner_duplicate,False,false,false,61.912,16.0,log,ambiguous,,2
500,67,2,z6mfqcvibuw_22fff6c74efb476592569c18718feb41,Z6MFQCViBuw_22fff6c74efb476592569c18718feb41.png,z6mfqcvibuw_22fff6c74efb476592569c18718feb41,,,semi,,,False,False,,v2_structured,normal,occlusion,overextend_adjacent;corner_duplicate,False,false,false,56.536,46.0,log,ambiguous,,2
500,84,4,z6mfqcvibuw_22fff6c74efb476592569c18718feb41,Z6MFQCViBuw_22fff6c74efb476592569c18718feb41.png,z6mfqcvibuw_22fff6c74efb476592569c18718feb41,,,semi,,,False,False,,v2_structured,oos_geometry,occlusion;seam;residual,overextend_adjacent;corner_drift,False,true,false,45.032,34.0,log,ambiguous,,2
501,56,3,X7HyMhZNoso_28ada927582d4d6ea7cf44cabf31527a,X7HyMhZNoso_28ada927582d4d6ea7cf44cabf31527a.png,x7hymhznoso_28ada927582d4d6ea7cf44cabf31527a,validation_semi,semi,semi,Validation_semi,validation_semi,False,False,,v2_structured,normal,,,False,false,false,21.39,40.0,log,matched_by_title,stage3_validation_semi:31,1
501,68,2,X7HyMhZNoso_28ada927582d4d6ea7cf44cabf31527a,X7HyMhZNoso_28ada927582d4d6ea7cf44cabf31527a.png,x7hymhznoso_28ada927582d4d6ea7cf44cabf31527a,validation_semi,semi,semi,Validation_semi,validation_semi,False,False,,v2_structured,normal,,,False,false,false,29.697,24.0,log,matched_by_title,stage3_validation_semi:31,1
501,85,4,X7HyMhZNoso_28ada927582d4d6ea7cf44cabf31527a,X7HyMhZNoso_28ada927582d4d6ea7cf44cabf31527a.png,x7hymhznoso_28ada927582d4d6ea7cf44cabf31527a,validation_semi,semi,semi,Validation_semi,validation_semi,False,False,,v2_structured,oos_geometry,low_texture,overextend_adjacent,False,true,false,53.904,33.0,log,matched_by_title,stage3_validation_semi:31,1
502,57,3,uNb9QFRL6hY_dcb326d4bb9b4a5f8d7e565ec32bce8e,uNb9QFRL6hY_dcb326d4bb9b4a5f8d7e565ec32bce8e.png,unb9qfrl6hy_dcb326d4bb9b4a5f8d7e565ec32bce8e,validation_semi,semi,semi,Validation_semi,validation_semi,False,False,,v2_structured,normal,,,False,false,false,13.989,60.0,log,matched_by_title,stage3_validation_semi:59,1
502,69,2,uNb9QFRL6hY_dcb326d4bb9b4a5f8d7e565ec32bce8e,uNb9QFRL6hY_dcb326d4bb9b4a5f8d7e565ec32bce8e.png,unb9qfrl6hy_dcb326d4bb9b4a5f8d7e565ec32bce8e,validation_semi,semi,semi,Validation_semi,validation_semi,False,False,,v2_structured,normal,occlusion,,False,false,false,33.203,8.0,log,matched_by_title,stage3_validation_semi:59,1
502,86,4,uNb9QFRL6hY_dcb326d4bb9b4a5f8d7e565ec32bce8e,uNb9QFRL6hY_dcb326d4bb9b4a5f8d7e565ec32bce8e.png,unb9qfrl6hy_dcb326d4bb9b4a5f8d7e565ec32bce8e,validation_semi,semi,semi,Validation_semi,validation_semi,False,False,,v2_structured,normal,occlusion;reflection,corner_drift,False,false,false,32.579,47.0,log,matched_by_title,stage3_validation_semi:59,1
503,58,3,7y3sRwLe3Va_112edb40f34e470da3a5b04599e71211,7y3sRwLe3Va_112edb40f34e470da3a5b04599e71211.png,7y3srwle3va_112edb40f34e470da3a5b04599e71211,validation_semi,semi,semi,Validation_semi,validation_semi,False,False,,v2_structured,normal,occlusion;residual,corner_drift,False,false,false,284.11,18.0,log,matched_by_title,stage3_validation_semi:1,1
503,70,2,7y3sRwLe3Va_112edb40f34e470da3a5b04599e71211,7y3sRwLe3Va_112edb40f34e470da3a5b04599e71211.png,7y3srwle3va_112edb40f34e470da3a5b04599e71211,validation_semi,semi,semi,Validation_semi,validation_semi,False,False,,v2_structured,normal,occlusion;low_texture,corner_drift,False,false,false,55.538,2.0,log,matched_by_title,stage3_validation_semi:1,1
504,59,3,q9vso1vncic_9ba6cd412cb04c5c9beb15ef9e6d22c5,q9vSo1VnCiC_9ba6cd412cb04c5c9beb15ef9e6d22c5.png,q9vso1vncic_9ba6cd412cb04c5c9beb15ef9e6d22c5,,,semi,,,False,False,,v2_structured,normal,,corner_drift,False,false,false,19.308,62.0,log,unmatched,,0
504,71,2,q9vso1vncic_9ba6cd412cb04c5c9beb15ef9e6d22c5,q9vSo1VnCiC_9ba6cd412cb04c5c9beb15ef9e6d22c5.png,q9vso1vncic_9ba6cd412cb04c5c9beb15ef9e6d22c5,,,semi,,,False,False,,v2_structured,normal,occlusion,corner_drift,False,false,false,43.084,44.0,log,unmatched,,0
505,60,3,B6ByNegPMKs_48ee619d38b142f88914e7e2582bc1d8,B6ByNegPMKs_48ee619d38b142f88914e7e2582bc1d8.png,b6bynegpmks_48ee619d38b142f88914e7e2582bc1d8,prescreen_semi,semi,semi,PreScreen_semi,prescreen_semi,False,False,clean,v2_structured,normal,occlusion;low_texture,corner_duplicate;topology_failure,False,false,false,216.681,49.0,log,matched_by_title,stage1_prescreen_semi:4,1
505,72,2,B6ByNegPMKs_48ee619d38b142f88914e7e2582bc1d8,B6ByNegPMKs_48ee619d38b142f88914e7e2582bc1d8.png,b6bynegpmks_48ee619d38b142f88914e7e2582bc1d8,prescreen_semi,semi,semi,PreScreen_semi,prescreen_semi,False,False,clean,v2_structured,normal,occlusion,corner_drift;corner_duplicate,False,false,false,32.094,679.0,log,matched_by_title,stage1_prescreen_semi:4,1
506,61,3,B6ByNegPMKs_3ed1f9b2f3c341d68c6d42895f56f7f9,B6ByNegPMKs_3ed1f9b2f3c341d68c6d42895f56f7f9.png,b6bynegpmks_3ed1f9b2f3c341d68c6d42895f56f7f9,semiauto_test,semi,semi,SemiAuto_Test,semiauto_test,False,False,,v2_structured,normal,occlusion,,False,false,false,41.337,22.0,log,matched_by_title_condition,stage3_semiauto_test:95,2
506,73,2,B6ByNegPMKs_3ed1f9b2f3c341d68c6d42895f56f7f9,B6ByNegPMKs_3ed1f9b2f3c341d68c6d42895f56f7f9.png,b6bynegpmks_3ed1f9b2f3c341d68c6d42895f56f7f9,semiauto_test,semi,semi,SemiAuto_Test,semiauto_test,False,False,,v2_structured,normal,occlusion,acceptable,False,false,false,21.399,22.0,log,matched_by_title_condition,stage3_semiauto_test:95,2
507,108,1,wc2jmjhgnzb_c7e4c175f9b347cf9256fa7e291f26d9,wc2JMjhGNzB_c7e4c175f9b347cf9256fa7e291f26d9.png,wc2jmjhgnzb_c7e4c175f9b347cf9256fa7e291f26d9,,,semi,,,False,False,,v2_structured,normal,occlusion,acceptable,False,false,false,10.314,10.314,lead_time_fallback,ambiguous,,2
508,62,3,z6mfqcvibuw_80cd596c480c4f72a7457433b862d179,Z6MFQCViBuw_80cd596c480c4f72a7457433b862d179.png,z6mfqcvibuw_80cd596c480c4f72a7457433b862d179,,,semi,,,False,False,,v2_structured,normal,,,False,false,false,3.696,41.0,log,ambiguous,,2
508,74,2,z6mfqcvibuw_80cd596c480c4f72a7457433b862d179,Z6MFQCViBuw_80cd596c480c4f72a7457433b862d179.png,z6mfqcvibuw_80cd596c480c4f72a7457433b862d179,,,semi,,,False,False,,v2_structured,normal,occlusion,acceptable,False,false,false,15.23,87.0,log,ambiguous,,2
509,109,1,wc2JMjhGNzB_dc4a9f470b834de1983c7e605ff06b2e,wc2JMjhGNzB_dc4a9f470b834de1983c7e605ff06b2e.png,wc2jmjhgnzb_dc4a9f470b834de1983c7e605ff06b2e,semiauto_test,semi,semi,SemiAuto_Test,semiauto_test,False,False,,v2_structured,oos_geometry,occlusion,overextend_adjacent;corner_drift,False,true,false,18.986,18.986,lead_time_fallback,matched_by_title_condition,stage3_semiauto_test:62,2
510,110,1,B6ByNegPMKs_b8e1ecf1bd044e7292581a66683e7993,B6ByNegPMKs_b8e1ecf1bd044e7292581a66683e7993.png,b6bynegpmks_b8e1ecf1bd044e7292581a66683e7993,gold_manual,manual,semi,Gold_manual,gold_manual,False,False,,v2_structured,oos_geometry,occlusion;reflection,overextend_adjacent;corner_drift,False,true,false,19.698,19.698,lead_time_fallback,matched_by_title,stage3_gold_manual:15,1
511,111,1,7y3srwle3va_ad77d6eeca5b492b8fe3317177f4f03f,7y3sRwLe3Va_ad77d6eeca5b492b8fe3317177f4f03f.png,7y3srwle3va_ad77d6eeca5b492b8fe3317177f4f03f,,,semi,,,False,False,,v2_structured,oos_geometry,occlusion;low_texture,overextend_adjacent;corner_drift;corner_duplicate,False,true,false,17.041,17.041,lead_time_fallback,ambiguous,,2
512,112,1,b6bynegpmks_8b4e1e0ada214ee68dc9e0350cbad884,B6ByNegPMKs_8b4e1e0ada214ee68dc9e0350cbad884.png,b6bynegpmks_8b4e1e0ada214ee68dc9e0350cbad884,,,semi,,,False,False,,v2_structured,normal,trivial;occlusion;reflection,acceptable,False,false,false,16.725,16.725,lead_time_fallback,unmatched,,0
513,113,1,B6ByNegPMKs_2a1bc1a10d7b45ad902e09cd71767fd9,B6ByNegPMKs_2a1bc1a10d7b45ad902e09cd71767fd9.png,b6bynegpmks_2a1bc1a10d7b45ad902e09cd71767fd9,semiauto_test,semi,semi,SemiAuto_Test,semiauto_test,False,False,,v2_structured,normal,reflection,acceptable,False,false,false,16.579,16.579,lead_time_fallback,matched_by_title_condition,stage3_semiauto_test:89,2
514,114,1,wc2jmjhgnzb_649ef3674e0f4e7c9eac67f94d237573,wc2JMjhGNzB_649ef3674e0f4e7c9eac67f94d237573.png,wc2jmjhgnzb_649ef3674e0f4e7c9eac67f94d237573,,,semi,,,False,False,,v2_structured,oos_geometry,occlusion;reflection,corner_drift;corner_duplicate,False,true,false,19.357,19.357,lead_time_fallback,ambiguous,,2
515,115,1,uNb9QFRL6hY_e8fcf8c5bd324655a25186117151ccbd,uNb9QFRL6hY_e8fcf8c5bd324655a25186117151ccbd.png,unb9qfrl6hy_e8fcf8c5bd324655a25186117151ccbd,validation_semi,semi,semi,Validation_semi,validation_semi,False,False,,v2_structured,normal,low_texture;reflection,acceptable,False,false,false,18.465,18.465,lead_time_fallback,matched_by_title,stage3_validation_semi:37,1
516,116,1,B6ByNegPMKs_8c414a8052c844b4bcd5dc3fadde7f8c,B6ByNegPMKs_8c414a8052c844b4bcd5dc3fadde7f8c.png,b6bynegpmks_8c414a8052c844b4bcd5dc3fadde7f8c,pilot_manual,manual,semi,Pilot,pilot_manual,False,False,,v2_structured,normal,reflection,acceptable,False,false,false,16.945,16.945,lead_time_fallback,matched_by_title,stage0_pilot_manual:12,1
517,117,1,uNb9QFRL6hY_2ed0e171a7c34f17a85363923a26ab98,uNb9QFRL6hY_2ed0e171a7c34f17a85363923a26ab98.png,unb9qfrl6hy_2ed0e171a7c34f17a85363923a26ab98,pilot_manual,manual,semi,Pilot,pilot_manual,False,False,,v2_structured,oos_geometry,low_texture;reflection,corner_drift,False,true,false,39.167,39.167,lead_time_fallback,matched_by_title,stage0_pilot_manual:3,1
518,118,1,unb9qfrl6hy_9f199750b00c4f5484a546d79e06a0f8,uNb9QFRL6hY_9f199750b00c4f5484a546d79e06a0f8.png,unb9qfrl6hy_9f199750b00c4f5484a546d79e06a0f8,,,semi,,,False,False,,v2_structured,oos_geometry,seam;reflection;residual,overextend_adjacent;corner_drift;corner_duplicate,False,true,false,30.854,30.854,lead_time_fallback,ambiguous,,2
519,119,1,q9vSo1VnCiC_3e7f67e8969f434b9a4aec0c68668b20,q9vSo1VnCiC_3e7f67e8969f434b9a4aec0c68668b20.png,q9vso1vncic_3e7f67e8969f434b9a4aec0c68668b20,validation_semi,semi,semi,Validation_semi,validation_semi,False,False,,v2_structured,oos_geometry,occlusion;reflection,overextend_adjacent;corner_drift;over_parsing;fail,False,true,true,25.462,25.462,lead_time_fallback,matched_by_title,stage3_validation_semi:12,1
520,120,1,B6ByNegPMKs_e5567bd5fa2d4fde8a6b9f15e3274a7e,B6ByNegPMKs_e5567bd5fa2d4fde8a6b9f15e3274a7e.png,b6bynegpmks_e5567bd5fa2d4fde8a6b9f15e3274a7e,semiauto_test,semi,semi,SemiAuto_Test,semiauto_test,False,False,,v2_structured,normal,reflection,acceptable,False,false,false,23.21,23.21,lead_time_fallback,matched_by_title_condition,stage3_semiauto_test:98,2
521,121,1,e9zr4mvmww7_4984fc9f1fdf4ff7887430f71b9ae392,e9zR4mvMWw7_4984fc9f1fdf4ff7887430f71b9ae392.png,e9zr4mvmww7_4984fc9f1fdf4ff7887430f71b9ae392,,,semi,,,False,False,,v2_structured,normal,reflection,acceptable,False,false,false,20.128,20.128,lead_time_fallback,unmatched,,0
522,122,1,uNb9QFRL6hY_84722e58b32f4646acc12614994f835b,uNb9QFRL6hY_84722e58b32f4646acc12614994f835b.png,unb9qfrl6hy_84722e58b32f4646acc12614994f835b,validation_semi,semi,semi,Validation_semi,validation_semi,False,False,,v2_structured,normal,occlusion,acceptable,False,false,false,40.223,40.223,lead_time_fallback,matched_by_title,stage3_validation_semi:46,1
523,123,1,wc2jmjhgnzb_d5138c0f63414e1fb5147c9436968940,wc2JMjhGNzB_d5138c0f63414e1fb5147c9436968940.png,wc2jmjhgnzb_d5138c0f63414e1fb5147c9436968940,,,semi,,,False,False,,v2_structured,normal,occlusion;reflection,acceptable,False,false,false,55.271,55.271,lead_time_fallback,ambiguous,,2
524,124,1,b6bynegpmks_dbc3c79b1ce74d209239b1572bd249bb,B6ByNegPMKs_dbc3c79b1ce74d209239b1572bd249bb.png,b6bynegpmks_dbc3c79b1ce74d209239b1572bd249bb,,,semi,,,False,False,,v2_structured,normal,reflection,acceptable,False,false,false,20.684,20.684,lead_time_fallback,unmatched,,0
525,125,1,uwv83hsgsw3_b979526475874ad68ae33f02d407a1fc,UwV83HsGsw3_b979526475874ad68ae33f02d407a1fc.png,uwv83hsgsw3_b979526475874ad68ae33f02d407a1fc,,,semi,,,False,False,,v2_structured,normal,occlusion;reflection,overextend_adjacent,False,false,false,31.691,31.691,lead_time_fallback,ambiguous,,2
526,126,1,uwv83hsgsw3_71ada030981d4468b76dcebc1b6fb940,UwV83HsGsw3_71ada030981d4468b76dcebc1b6fb940.png,uwv83hsgsw3_71ada030981d4468b76dcebc1b6fb940,,,semi,,,False,False,,v2_structured,oos_open_boundary,occlusion;seam;residual,overextend_adjacent;corner_drift;corner_duplicate;topology_failure;over_parsing;fail,False,true,true,21.881,21.881,lead_time_fallback,ambiguous,,2
527,127,1,Z6MFQCViBuw_59aed460238643f48f593e9b9ba1c17d,Z6MFQCViBuw_59aed460238643f48f593e9b9ba1c17d.png,z6mfqcvibuw_59aed460238643f48f593e9b9ba1c17d,calibration_semi,semi,semi,Calibration_semi,calibration_semi,False,False,,v2_structured,normal,occlusion,acceptable,False,false,false,23.759,23.759,lead_time_fallback,matched_by_title_condition,stage2_calibration_semi:20,3
528,128,1,yqstnuaevhm_08e2145b15fc4d2497c084af41dc7089,yqstnuAEVhm_08e2145b15fc4d2497c084af41dc7089.png,yqstnuaevhm_08e2145b15fc4d2497c084af41dc7089,,,semi,,,False,False,,v2_structured,normal,reflection,over_parsing,False,false,false,38.981,38.981,lead_time_fallback,unmatched,,0
529,129,1,UwV83HsGsw3_fcd79f4b6a6642e99227caffb51bf407,UwV83HsGsw3_fcd79f4b6a6642e99227caffb51bf407.png,uwv83hsgsw3_fcd79f4b6a6642e99227caffb51bf407,semiauto_test,semi,semi,SemiAuto_Test,semiauto_test,False,False,,v2_structured,oos_geometry,reflection,acceptable,False,true,false,38.725,38.725,lead_time_fallback,matched_by_title_condition,stage3_semiauto_test:83,2
530,130,1,q9vSo1VnCiC_46281f6c32544ffe90e6d88f539c4232,q9vSo1VnCiC_46281f6c32544ffe90e6d88f539c4232.png,q9vso1vncic_46281f6c32544ffe90e6d88f539c4232,semiauto_test,semi,semi,SemiAuto_Test,semiauto_test,False,False,,v2_structured,normal,occlusion,acceptable,False,false,false,27.13,27.13,lead_time_fallback,matched_by_title_condition,stage3_semiauto_test:36,2
531,131,1,B6ByNegPMKs_6ef1007d4f8641cfa4102b27787f0210,B6ByNegPMKs_6ef1007d4f8641cfa4102b27787f0210.png,b6bynegpmks_6ef1007d4f8641cfa4102b27787f0210,calibration_semi,semi,semi,Calibration_semi,calibration_semi,False,False,,v2_structured,normal,occlusion;reflection,over_parsing,False,false,false,91.638,91.638,lead_time_fallback,matched_by_title_condition,stage2_calibration_semi:23,3
532,132,1,uNb9QFRL6hY_fd411e4f6035431593833d9d0beb4d32,uNb9QFRL6hY_fd411e4f6035431593833d9d0beb4d32.png,unb9qfrl6hy_fd411e4f6035431593833d9d0beb4d32,calibration_semi,semi,semi,Calibration_semi,calibration_semi,False,False,,v2_structured,normal,reflection,acceptable,False,false,false,21.892,21.892,lead_time_fallback,matched_by_title_condition,stage2_calibration_semi:1,3
533,133,1,yqstnuaevhm_e3face7b2196414d95ed97151aa13058,yqstnuAEVhm_e3face7b2196414d95ed97151aa13058.png,yqstnuaevhm_e3face7b2196414d95ed97151aa13058,,,semi,,,False,False,,v2_structured,oos_geometry,occlusion;seam;residual,corner_drift;over_parsing,False,true,false,53.293,53.293,lead_time_fallback,ambiguous,,2
534,134,1,unb9qfrl6hy_b73ae36f994747e196380b1cb71cf407,uNb9QFRL6hY_b73ae36f994747e196380b1cb71cf407.png,unb9qfrl6hy_b73ae36f994747e196380b1cb71cf407,,,semi,,,False,False,,v2_structured,normal,reflection,acceptable,False,false,false,29.369,29.369,lead_time_fallback,ambiguous,,2
535,135,1,b8cTxDM8gDG_f339391e9479496e8652c972953f0ce4,b8cTxDM8gDG_f339391e9479496e8652c972953f0ce4.png,b8ctxdm8gdg_f339391e9479496e8652c972953f0ce4,semiauto_test,semi,semi,SemiAuto_Test,semiauto_test,False,False,,v2_structured,normal,occlusion;reflection,over_parsing,False,false,false,26.614,26.614,lead_time_fallback,matched_by_title_condition,stage3_semiauto_test:12,2
536,136,1,UwV83HsGsw3_cfd92c05e31846e89144f7b2bb8e59a8,UwV83HsGsw3_cfd92c05e31846e89144f7b2bb8e59a8.png,uwv83hsgsw3_cfd92c05e31846e89144f7b2bb8e59a8,validation_semi,semi,semi,Validation_semi,validation_semi,False,False,,v2_structured,normal,occlusion,acceptable,False,false,false,23.515,23.515,lead_time_fallback,matched_by_title,stage3_validation_semi:8,1
537,137,1,q9vso1vncic_a6560bae311a403a9bfe94e4c1c645f4,q9vSo1VnCiC_a6560bae311a403a9bfe94e4c1c645f4.png,q9vso1vncic_a6560bae311a403a9bfe94e4c1c645f4,,,semi,,,False,False,,v2_structured,normal,occlusion,acceptable,False,false,false,18.672,18.672,lead_time_fallback,ambiguous,,2
538,138,1,unb9qfrl6hy_930b1d9018914ff6858fac08e204de26,uNb9QFRL6hY_930b1d9018914ff6858fac08e204de26.png,unb9qfrl6hy_930b1d9018914ff6858fac08e204de26,,,semi,,,False,False,,v2_structured,normal,low_texture,acceptable,False,false,false,15.449,15.449,lead_time_fallback,unmatched,,0
539,139,1,yqstnuaevhm_f2eeae1a36f14f6cb7b934efd9becb4d,yqstnuAEVhm_f2eeae1a36f14f6cb7b934efd9becb4d.png,yqstnuaevhm_f2eeae1a36f14f6cb7b934efd9becb4d,,,semi,,,False,False,,v2_structured,normal,occlusion,acceptable,False,false,false,7.619,7.619,lead_time_fallback,ambiguous,,2
540,140,1,uNb9QFRL6hY_33dd9892d10e474ead8f7ad38a8da562,uNb9QFRL6hY_33dd9892d10e474ead8f7ad38a8da562.png,unb9qfrl6hy_33dd9892d10e474ead8f7ad38a8da562,calibration_semi,semi,semi,Calibration_semi,calibration_semi,False,False,,v2_structured,normal,occlusion,over_parsing,False,false,false,17.151,17.151,lead_time_fallback,matched_by_title_condition,stage2_calibration_semi:2,3
541,141,1,UwV83HsGsw3_0f1385fc03994285ad8253b49516d77b,UwV83HsGsw3_0f1385fc03994285ad8253b49516d77b.png,uwv83hsgsw3_0f1385fc03994285ad8253b49516d77b,semiauto_test,semi,semi,SemiAuto_Test,semiauto_test,False,False,,v2_structured,normal,occlusion;reflection,overextend_adjacent;over_parsing,False,false,false,19.514,19.514,lead_time_fallback,matched_by_title_condition,stage3_semiauto_test:90,2
542,142,1,wc2JMjhGNzB_4884da3227464ab5b82f631ff22205bd,wc2JMjhGNzB_4884da3227464ab5b82f631ff22205bd.png,wc2jmjhgnzb_4884da3227464ab5b82f631ff22205bd,semiauto_test,semi,semi,SemiAuto_Test,semiauto_test,False,False,,v2_structured,normal,occlusion;reflection,overextend_adjacent;over_parsing,False,false,false,15.902,15.902,lead_time_fallback,matched_by_title_condition,stage3_semiauto_test:13,2
543,143,1,uNb9QFRL6hY_748279b5d6e740c4b2cba9fc78d6fc62,uNb9QFRL6hY_748279b5d6e740c4b2cba9fc78d6fc62.png,unb9qfrl6hy_748279b5d6e740c4b2cba9fc78d6fc62,semiauto_test,semi,semi,SemiAuto_Test,semiauto_test,False,False,,v2_structured,normal,occlusion;reflection,over_parsing,False,false,false,24.601,24.601,lead_time_fallback,matched_by_title_condition,stage3_semiauto_test:58,2
544,144,1,unb9qfrl6hy_bccfe89cf0b24f4c9d2afee19c342117,uNb9QFRL6hY_bccfe89cf0b24f4c9d2afee19c342117.png,unb9qfrl6hy_bccfe89cf0b24f4c9d2afee19c342117,,,semi,,,False,False,,v2_structured,normal,occlusion;reflection,acceptable,False,false,false,8.812,8.812,lead_time_fallback,ambiguous,,2
545,145,1,wc2JMjhGNzB_872459df29ef4f158108fbfcb3225090,wc2JMjhGNzB_872459df29ef4f158108fbfcb3225090.png,wc2jmjhgnzb_872459df29ef4f158108fbfcb3225090,prescreen_semi,semi,semi,PreScreen_semi,prescreen_semi,False,False,clean,v2_structured,normal,occlusion;reflection,acceptable,False,false,false,6.442,6.442,lead_time_fallback,matched_by_title,stage1_prescreen_semi:25,1
546,146,1,b8ctxdm8gdg_d6f573aa1add4621af53ba492838ff45,b8cTxDM8gDG_d6f573aa1add4621af53ba492838ff45.png,b8ctxdm8gdg_d6f573aa1add4621af53ba492838ff45,,,semi,,,False,False,,v2_structured,normal,occlusion;reflection,acceptable,False,false,false,7.748,7.748,lead_time_fallback,unmatched,,0
547,147,1,yqstnuaevhm_26b2e92ccd314a2da1a4fc8dfc6e6f56,yqstnuAEVhm_26b2e92ccd314a2da1a4fc8dfc6e6f56.png,yqstnuaevhm_26b2e92ccd314a2da1a4fc8dfc6e6f56,,,semi,,,False,False,,v2_structured,oos_split_level,occlusion;reflection;residual,corner_duplicate;topology_failure;over_parsing;fail,False,true,true,27.121,27.121,lead_time_fallback,unmatched,,0
548,148,1,b8cTxDM8gDG_dcbdda428eb846a586886b87d9552d0e,b8cTxDM8gDG_dcbdda428eb846a586886b87d9552d0e.png,b8ctxdm8gdg_dcbdda428eb846a586886b87d9552d0e,calibration_semi,semi,semi,Calibration_semi,calibration_semi,False,False,,v2_structured,oos_open_boundary,occlusion;reflection,corner_drift;over_parsing,False,true,false,22.678,22.678,lead_time_fallback,matched_by_title_condition,stage2_calibration_semi:11,3
549,149,1,wc2JMjhGNzB_431023d1f9fd40048ceee9214fd8464a,wc2JMjhGNzB_431023d1f9fd40048ceee9214fd8464a.png,wc2jmjhgnzb_431023d1f9fd40048ceee9214fd8464a,semiauto_test,semi,semi,SemiAuto_Test,semiauto_test,False,False,,v2_structured,normal,occlusion;reflection,acceptable,False,false,false,14.695,14.695,lead_time_fallback,matched_by_title_condition,stage3_semiauto_test:81,2
550,150,1,wc2jmjhgnzb_2195c5a9b9fd451b927b0050f23fac31,wc2JMjhGNzB_2195c5a9b9fd451b927b0050f23fac31.png,wc2jmjhgnzb_2195c5a9b9fd451b927b0050f23fac31,,,semi,,,False,False,,v2_structured,normal,occlusion;reflection,acceptable,False,false,false,11.722,11.722,lead_time_fallback,ambiguous,,2
551,151,1,unb9qfrl6hy_dba77340b24340be9c7242cba42f1e28,uNb9QFRL6hY_dba77340b24340be9c7242cba42f1e28.png,unb9qfrl6hy_dba77340b24340be9c7242cba42f1e28,,,semi,,,False,False,,v2_structured,normal,occlusion;reflection,acceptable,False,false,false,5.162,5.162,lead_time_fallback,unmatched,,0
552,152,1,e9zR4mvMWw7_2e52341d21b940b5b38a9e26c4cf4200,e9zR4mvMWw7_2e52341d21b940b5b38a9e26c4cf4200.png,e9zr4mvmww7_2e52341d21b940b5b38a9e26c4cf4200,prescreen_manual,manual,semi,PreScreen_manual,prescreen_manual,False,False,,v2_structured,normal,occlusion;reflection,acceptable,False,false,false,11.92,11.92,lead_time_fallback,matched_by_title,stage1_prescreen_manual:27,1
553,153,1,b6bynegpmks_8b1abc1b47784d758b9ec1e079160475,B6ByNegPMKs_8b1abc1b47784d758b9ec1e079160475.png,b6bynegpmks_8b1abc1b47784d758b9ec1e079160475,,,semi,,,False,False,,v2_structured,normal,occlusion;reflection,acceptable,False,false,false,10.147,10.147,lead_time_fallback,ambiguous,,2
554,154,1,rpc6dw4imge_cc15fb105d86466faafdd633f89148de,rPc6DW4iMge_cc15fb105d86466faafdd633f89148de.png,rpc6dw4imge_cc15fb105d86466faafdd633f89148de,,,semi,,,False,False,,v2_structured,normal,occlusion;reflection,acceptable,False,false,false,5.579,5.579,lead_time_fallback,unmatched,,0
555,155,1,x7hymhznoso_987fd31155514f6facb131bd5c14881d,X7HyMhZNoso_987fd31155514f6facb131bd5c14881d.png,x7hymhznoso_987fd31155514f6facb131bd5c14881d,,,semi,,,False,False,,v2_structured,normal,occlusion;reflection,acceptable,False,false,false,7.004,7.004,lead_time_fallback,ambiguous,,2
556,156,1,q9vSo1VnCiC_2a8ef249ec0e4ad5bfe138a65f50964e,q9vSo1VnCiC_2a8ef249ec0e4ad5bfe138a65f50964e.png,q9vso1vncic_2a8ef249ec0e4ad5bfe138a65f50964e,prescreen_semi,semi,semi,PreScreen_semi,prescreen_semi,False,False,clean,v2_structured,normal,occlusion;reflection,acceptable,False,false,false,5.097,5.097,lead_time_fallback,matched_by_title,stage1_prescreen_semi:2,1
557,157,1,rPc6DW4iMge_9d3eb9f5d38844bfb4e5fb2cd05fd3fd,rPc6DW4iMge_9d3eb9f5d38844bfb4e5fb2cd05fd3fd.png,rpc6dw4imge_9d3eb9f5d38844bfb4e5fb2cd05fd3fd,gold_manual,manual,semi,Gold_manual,gold_manual,False,False,,v2_structured,normal,occlusion;reflection,acceptable,False,false,false,18.658,18.658,lead_time_fallback,matched_by_title,stage3_gold_manual:13,1
558,158,1,unb9qfrl6hy_1096f195d3294cefa462add5ab0c342e,uNb9QFRL6hY_1096f195d3294cefa462add5ab0c342e.png,unb9qfrl6hy_1096f195d3294cefa462add5ab0c342e,,,semi,,,False,False,,v2_structured,normal,occlusion;reflection,acceptable,False,false,false,19.381,19.381,lead_time_fallback,ambiguous,,2
561,159,1,UwV83HsGsw3_bc29294428a647038f70e0ea31ea8972,UwV83HsGsw3_bc29294428a647038f70e0ea31ea8972.png,uwv83hsgsw3_bc29294428a647038f70e0ea31ea8972,validation_semi,semi,semi,Validation_semi,validation_semi,False,False,,v2_structured,normal,occlusion;reflection,acceptable,False,false,false,11.424,11.424,lead_time_fallback,matched_by_title,stage3_validation_semi:32,1
562,160,1,q9vSo1VnCiC_c421f07780004647a7198c4ac5371e8a,q9vSo1VnCiC_c421f07780004647a7198c4ac5371e8a.png,q9vso1vncic_c421f07780004647a7198c4ac5371e8a,semiauto_test,semi,semi,SemiAuto_Test,semiauto_test,False,False,,v2_structured,normal,occlusion;reflection,acceptable,False,false,false,5.863,5.863,lead_time_fallback,matched_by_title_condition,stage3_semiauto_test:100,2
563,161,1,rPc6DW4iMge_0012f6dcce9645778ac459e189cf0db3,rPc6DW4iMge_0012f6dcce9645778ac459e189cf0db3.png,rpc6dw4imge_0012f6dcce9645778ac459e189cf0db3,prescreen_manual,manual,semi,PreScreen_manual,prescreen_manual,False,False,,v2_structured,normal,occlusion;reflection,acceptable,False,false,false,3.724,3.724,lead_time_fallback,matched_by_title,stage1_prescreen_manual:14,1
565,162,1,wc2jmjhgnzb_eae0ac9f6c5b4764a91c789f14a8c2eb,wc2JMjhGNzB_eae0ac9f6c5b4764a91c789f14a8c2eb.png,wc2jmjhgnzb_eae0ac9f6c5b4764a91c789f14a8c2eb,,,semi,,,False,False,,v2_structured,normal,occlusion;reflection,acceptable,False,false,false,4.201,4.201,lead_time_fallback,unmatched,,0
567,163,1,yqstnuaevhm_e9b4d8e951cb4712b3905c8f4c4dabb5,yqstnuAEVhm_e9b4d8e951cb4712b3905c8f4c4dabb5.png,yqstnuaevhm_e9b4d8e951cb4712b3905c8f4c4dabb5,,,semi,,,False,False,,v2_structured,normal,reflection,acceptable,False,false,false,8.704,8.704,lead_time_fallback,ambiguous,,2
568,164,1,e9zR4mvMWw7_409f2a738bf54153b9b77c39e7a4ea45,e9zR4mvMWw7_409f2a738bf54153b9b77c39e7a4ea45.png,e9zr4mvmww7_409f2a738bf54153b9b77c39e7a4ea45,calibration_semi,semi,semi,Calibration_semi,calibration_semi,False,False,,v2_structured,oos_split_level,occlusion;reflection,acceptable,False,true,false,7.978,7.978,lead_time_fallback,matched_by_title_condition,stage2_calibration_semi:8,3
569,165,1,uNb9QFRL6hY_bcce4f23c12744c782c0b49b24a0331a,uNb9QFRL6hY_bcce4f23c12744c782c0b49b24a0331a.png,unb9qfrl6hy_bcce4f23c12744c782c0b49b24a0331a,semiauto_test,semi,semi,SemiAuto_Test,semiauto_test,False,False,,v2_structured,normal,occlusion;reflection,acceptable,False,false,false,6.587,6.587,lead_time_fallback,matched_by_title_condition,stage3_semiauto_test:5,2
570,166,1,B6ByNegPMKs_cee80ced97274e248d4ccaa582e12624,B6ByNegPMKs_cee80ced97274e248d4ccaa582e12624.png,b6bynegpmks_cee80ced97274e248d4ccaa582e12624,gold_manual,manual,semi,Gold_manual,gold_manual,False,False,,v2_structured,normal,occlusion;reflection,acceptable,False,false,false,4.636,4.636,lead_time_fallback,matched_by_title,stage3_gold_manual:5,1
571,167,1,B6ByNegPMKs_51623bde5d4a4550b2c34efe044a16dc,B6ByNegPMKs_51623bde5d4a4550b2c34efe044a16dc.png,b6bynegpmks_51623bde5d4a4550b2c34efe044a16dc,validation_semi,semi,semi,Validation_semi,validation_semi,False,False,,v2_structured,normal,occlusion;reflection,acceptable,False,false,false,3.931,3.931,lead_time_fallback,matched_by_title,stage3_validation_semi:43,1
572,168,1,wc2JMjhGNzB_77962388887942148ee65c2892600e02,wc2JMjhGNzB_77962388887942148ee65c2892600e02.png,wc2jmjhgnzb_77962388887942148ee65c2892600e02,validation_semi,semi,semi,Validation_semi,validation_semi,False,False,,v2_structured,normal,trivial;reflection,acceptable,False,false,false,8.186,8.186,lead_time_fallback,matched_by_title,stage3_validation_semi:39,1
573,169,1,wc2JMjhGNzB_3504ff17bcae4d6c85bdc61fc3a5bf0c,wc2JMjhGNzB_3504ff17bcae4d6c85bdc61fc3a5bf0c.png,wc2jmjhgnzb_3504ff17bcae4d6c85bdc61fc3a5bf0c,semiauto_test,semi,semi,SemiAuto_Test,semiauto_test,False,False,,v2_structured,normal,occlusion;reflection,acceptable,False,false,false,5.865,5.865,lead_time_fallback,matched_by_title_condition,stage3_semiauto_test:29,2
576,170,1,wc2jmjhgnzb_3848b1ba65fa49308c3d0a79f63782b3,wc2JMjhGNzB_3848b1ba65fa49308c3d0a79f63782b3.png,wc2jmjhgnzb_3848b1ba65fa49308c3d0a79f63782b3,,,semi,,,False,False,,v2_structured,normal,trivial;reflection,acceptable,False,false,false,9.78,9.78,lead_time_fallback,ambiguous,,2
578,171,1,yqstnuaevhm_a93ea1ea5702412c9ef9c82a436c4599,yqstnuAEVhm_a93ea1ea5702412c9ef9c82a436c4599.png,yqstnuaevhm_a93ea1ea5702412c9ef9c82a436c4599,,,semi,,,False,False,,v2_structured,normal,occlusion;reflection,acceptable,False,false,false,9.443,9.443,lead_time_fallback,unmatched,,0
579,172,1,7y3sRwLe3Va_9bbf903d50da4ffd9e5d1fb7c9f4d69b,7y3sRwLe3Va_9bbf903d50da4ffd9e5d1fb7c9f4d69b.png,7y3srwle3va_9bbf903d50da4ffd9e5d1fb7c9f4d69b,semiauto_test,semi,semi,SemiAuto_Test,semiauto_test,False,False,,v2_structured,normal,occlusion;reflection,acceptable,False,false,false,5.441,5.441,lead_time_fallback,matched_by_title_condition,stage3_semiauto_test:64,2
581,173,1,B6ByNegPMKs_f701cece31304e16a3faa7f225bfdaa8,B6ByNegPMKs_f701cece31304e16a3faa7f225bfdaa8.png,b6bynegpmks_f701cece31304e16a3faa7f225bfdaa8,prescreen_semi,semi,semi,PreScreen_semi,prescreen_semi,False,False,clean,v2_structured,normal,occlusion;reflection,acceptable,False,false,false,6.481,6.481,lead_time_fallback,matched_by_title,stage1_prescreen_semi:17,1
583,174,1,wc2JMjhGNzB_e6693f97b36545f7a76e03c3fe32ba8c,wc2JMjhGNzB_e6693f97b36545f7a76e03c3fe32ba8c.png,wc2jmjhgnzb_e6693f97b36545f7a76e03c3fe32ba8c,semiauto_test,semi,semi,SemiAuto_Test,semiauto_test,False,False,,v2_structured,normal,occlusion;reflection,acceptable,False,false,false,5.685,5.685,lead_time_fallback,matched_by_title_condition,stage3_semiauto_test:47,2
584,175,1,7y3sRwLe3Va_9b72664399a34e4f9dbe470571c73187,7y3sRwLe3Va_9b72664399a34e4f9dbe470571c73187.png,7y3srwle3va_9b72664399a34e4f9dbe470571c73187,pilot_manual,manual,semi,Pilot,pilot_manual,False,False,,v2_structured,normal,trivial;reflection,acceptable,False,false,false,10.002,10.002,lead_time_fallback,matched_by_title,stage0_pilot_manual:9,1
585,176,1,e9zR4mvMWw7_ac03b99e3f3642be80b4d24fde0af03a,e9zR4mvMWw7_ac03b99e3f3642be80b4d24fde0af03a.png,e9zr4mvmww7_ac03b99e3f3642be80b4d24fde0af03a,prescreen_semi,semi,semi,PreScreen_semi,prescreen_semi,False,False,clean,v2_structured,normal,occlusion;reflection,acceptable,False,false,false,4.62,4.62,lead_time_fallback,matched_by_title,stage1_prescreen_semi:10,1
586,177,1,wc2JMjhGNzB_1be9e528556447d0897d382ddd408766,wc2JMjhGNzB_1be9e528556447d0897d382ddd408766.png,wc2jmjhgnzb_1be9e528556447d0897d382ddd408766,prescreen_manual,manual,semi,PreScreen_manual,prescreen_manual,False,False,,v2_structured,normal,occlusion;reflection,acceptable,False,false,false,5.124,5.124,lead_time_fallback,matched_by_title,stage1_prescreen_manual:19,1
589,178,1,rpc6dw4imge_0226db0c3fd24410bbf3db5e6d4b24fe,rPc6DW4iMge_0226db0c3fd24410bbf3db5e6d4b24fe.png,rpc6dw4imge_0226db0c3fd24410bbf3db5e6d4b24fe,,,semi,,,False,False,,v2_structured,normal,occlusion;reflection,acceptable,False,false,false,6.94,6.94,lead_time_fallback,ambiguous,,2
590,179,1,wc2JMjhGNzB_12757e972ea64bbfbeb14f7cf5ccaf8b,wc2JMjhGNzB_12757e972ea64bbfbeb14f7cf5ccaf8b.png,wc2jmjhgnzb_12757e972ea64bbfbeb14f7cf5ccaf8b,pilot_manual,manual,semi,Pilot,pilot_manual,False,False,,v2_structured,normal,occlusion;reflection,over_parsing,False,false,false,9.241,9.241,lead_time_fallback,matched_by_title,stage0_pilot_manual:5,1
591,180,1,B6ByNegPMKs_53249ef8a94c4c40bd6f09c069e54d16,B6ByNegPMKs_53249ef8a94c4c40bd6f09c069e54d16.png,b6bynegpmks_53249ef8a94c4c40bd6f09c069e54d16,validation_semi,semi,semi,Validation_semi,validation_semi,False,False,,v2_structured,normal,reflection,acceptable,False,false,false,9.851,9.851,lead_time_fallback,matched_by_title,stage3_validation_semi:45,1
592,181,1,q9vso1vncic_f1b83e2b5e5244db844ceaa471eb0db0,q9vSo1VnCiC_f1b83e2b5e5244db844ceaa471eb0db0.png,q9vso1vncic_f1b83e2b5e5244db844ceaa471eb0db0,,,semi,,,False,False,,v2_structured,normal,trivial;reflection,acceptable,False,false,false,6.839,6.839,lead_time_fallback,ambiguous,,2
598,182,1,unb9qfrl6hy_3c97da43516341758224453830954124,uNb9QFRL6hY_3c97da43516341758224453830954124.png,unb9qfrl6hy_3c97da43516341758224453830954124,,,semi,,,False,False,,v2_structured,normal,trivial;reflection,acceptable,False,false,false,9.092,9.092,lead_time_fallback,unmatched,,0
599,183,1,B6ByNegPMKs_ce6c6753bebe462e804ec5a2fc8b0580,B6ByNegPMKs_ce6c6753bebe462e804ec5a2fc8b0580.png,b6bynegpmks_ce6c6753bebe462e804ec5a2fc8b0580,semiauto_test,semi,semi,SemiAuto_Test,semiauto_test,False,False,,v2_structured,normal,occlusion;reflection,acceptable,False,false,false,12.353,12.353,lead_time_fallback,matched_by_title_condition,stage3_semiauto_test:87,2
601,184,1,B6ByNegPMKs_8a830452b3b449d08625f3d70bdd07b8,B6ByNegPMKs_8a830452b3b449d08625f3d70bdd07b8.png,b6bynegpmks_8a830452b3b449d08625f3d70bdd07b8,semiauto_test,semi,semi,SemiAuto_Test,semiauto_test,False,False,,v2_structured,normal,occlusion;reflection,acceptable,False,false,false,5.702,5.702,lead_time_fallback,matched_by_title_condition,stage3_semiauto_test:70,2
602,185,1,unb9qfrl6hy_6115ed700b5144cfa3443346381cb7cd,uNb9QFRL6hY_6115ed700b5144cfa3443346381cb7cd.png,unb9qfrl6hy_6115ed700b5144cfa3443346381cb7cd,,,semi,,,False,False,,v2_structured,normal,occlusion;reflection,acceptable,False,false,false,16.85,16.85,lead_time_fallback,unmatched,,0
605,186,1,7y3sRwLe3Va_fdab6422162e49db822a37178ab70481,7y3sRwLe3Va_fdab6422162e49db822a37178ab70481.png,7y3srwle3va_fdab6422162e49db822a37178ab70481,prescreen_manual,manual,semi,PreScreen_manual,prescreen_manual,False,False,,v2_structured,normal,occlusion;reflection,acceptable,False,false,false,19.367,19.367,lead_time_fallback,matched_by_title,stage1_prescreen_manual:30,1
606,187,1,yqstnuaevhm_4642492bb42d40debb1a3bad0ea7a24f,yqstnuAEVhm_4642492bb42d40debb1a3bad0ea7a24f.png,yqstnuaevhm_4642492bb42d40debb1a3bad0ea7a24f,,,semi,,,False,False,,v2_structured,normal,occlusion;reflection,acceptable,False,false,false,18.668,18.668,lead_time_fallback,unmatched,,0
607,188,1,wc2jmjhgnzb_8e093e32e55c4a5dbf453b5e2bf2b24c,wc2JMjhGNzB_8e093e32e55c4a5dbf453b5e2bf2b24c.png,wc2jmjhgnzb_8e093e32e55c4a5dbf453b5e2bf2b24c,,,semi,,,False,False,,v2_structured,normal,occlusion;reflection,acceptable,False,false,false,5.08,5.08,lead_time_fallback,unmatched,,0
608,189,1,wc2JMjhGNzB_f741f370a16a403a8c758ff77be85a9c,wc2JMjhGNzB_f741f370a16a403a8c758ff77be85a9c.png,wc2jmjhgnzb_f741f370a16a403a8c758ff77be85a9c,semiauto_test,semi,semi,SemiAuto_Test,semiauto_test,False,False,,v2_structured,normal,occlusion;reflection,acceptable,False,false,false,4.615,4.615,lead_time_fallback,matched_by_title_condition,stage3_semiauto_test:73,2
610,190,1,wc2jmjhgnzb_02bbd23673904a6980dc0e22b11c6a35,wc2JMjhGNzB_02bbd23673904a6980dc0e22b11c6a35.png,wc2jmjhgnzb_02bbd23673904a6980dc0e22b11c6a35,,,semi,,,False,False,,v2_structured,normal,occlusion;reflection,acceptable,False,false,false,4.703,4.703,lead_time_fallback,unmatched,,0
612,191,1,wc2jmjhgnzb_d7230c164e814f9a83244ab2edc15334,wc2JMjhGNzB_d7230c164e814f9a83244ab2edc15334.png,wc2jmjhgnzb_d7230c164e814f9a83244ab2edc15334,,,semi,,,False,False,,v2_structured,normal,occlusion;reflection,acceptable,False,false,false,5.986,5.986,lead_time_fallback,ambiguous,,2
613,192,1,q9vSo1VnCiC_830eb252ae01401a8fe55f9538e627dd,q9vSo1VnCiC_830eb252ae01401a8fe55f9538e627dd.png,q9vso1vncic_830eb252ae01401a8fe55f9538e627dd,semiauto_test,semi,semi,SemiAuto_Test,semiauto_test,False,False,,v2_structured,normal,occlusion;reflection,acceptable,False,false,false,5.206,5.206,lead_time_fallback,matched_by_title_condition,stage3_semiauto_test:48,2
615,193,1,uNb9QFRL6hY_28cd285e6d5545dda080d949bb00f1c0,uNb9QFRL6hY_28cd285e6d5545dda080d949bb00f1c0.png,unb9qfrl6hy_28cd285e6d5545dda080d949bb00f1c0,gold_manual,manual,semi,Gold_manual,gold_manual,False,False,,v2_structured,normal,occlusion;reflection,acceptable,False,false,false,5.077,5.077,lead_time_fallback,matched_by_title,stage3_gold_manual:18,1
616,194,1,e9zr4mvmww7_16eb46a968384060821cb59d0e04f4dd,e9zR4mvMWw7_16eb46a968384060821cb59d0e04f4dd.png,e9zr4mvmww7_16eb46a968384060821cb59d0e04f4dd,,,semi,,,False,False,,v2_structured,normal,occlusion;reflection,acceptable,False,false,false,3.484,3.484,lead_time_fallback,unmatched,,0
617,195,1,rPc6DW4iMge_e7f5cf7434824a0ab0b4cc060e863c9a,rPc6DW4iMge_e7f5cf7434824a0ab0b4cc060e863c9a.png,rpc6dw4imge_e7f5cf7434824a0ab0b4cc060e863c9a,semiauto_test,semi,semi,SemiAuto_Test,semiauto_test,False,False,,v2_structured,normal,occlusion;reflection,acceptable,False,false,false,2.771,2.771,lead_time_fallback,matched_by_title_condition,stage3_semiauto_test:52,2
619,196,1,e9zR4mvMWw7_184edf3d3a4d482dae288e4811945331,e9zR4mvMWw7_184edf3d3a4d482dae288e4811945331.png,e9zr4mvmww7_184edf3d3a4d482dae288e4811945331,prescreen_manual,manual,semi,PreScreen_manual,prescreen_manual,False,False,,v2_structured,normal,occlusion;reflection,acceptable,False,false,false,3.768,3.768,lead_time_fallback,matched_by_title,stage1_prescreen_manual:25,1
622,197,1,wc2jmjhgnzb_7d90b6268a79425cb15a26ef91d68c96,wc2JMjhGNzB_7d90b6268a79425cb15a26ef91d68c96.png,wc2jmjhgnzb_7d90b6268a79425cb15a26ef91d68c96,,,semi,,,False,False,,v2_structured,normal,occlusion,acceptable,False,false,false,13.569,13.569,lead_time_fallback,unmatched,,0
623,198,1,B6ByNegPMKs_6f74372f4fbe4741b5388a6583284ad3,B6ByNegPMKs_6f74372f4fbe4741b5388a6583284ad3.png,b6bynegpmks_6f74372f4fbe4741b5388a6583284ad3,semiauto_test,semi,semi,SemiAuto_Test,semiauto_test,False,False,,v2_structured,normal,occlusion;reflection,acceptable,False,false,false,6.837,6.837,lead_time_fallback,matched_by_title_condition,stage3_semiauto_test:80,2
624,199,1,wc2JMjhGNzB_a4188bbbe166473bb2ecf35bdcbec1f9,wc2JMjhGNzB_a4188bbbe166473bb2ecf35bdcbec1f9.png,wc2jmjhgnzb_a4188bbbe166473bb2ecf35bdcbec1f9,validation_semi,semi,semi,Validation_semi,validation_semi,False,False,,v2_structured,normal,reflection,acceptable,False,false,false,7.109,7.109,lead_time_fallback,matched_by_title,stage3_validation_semi:53,1
628,200,1,unb9qfrl6hy_5dd7b4cf99584011ac17b25d45c6197c,uNb9QFRL6hY_5dd7b4cf99584011ac17b25d45c6197c.png,unb9qfrl6hy_5dd7b4cf99584011ac17b25d45c6197c,,,semi,,,False,False,,v2_structured,normal,occlusion;reflection,acceptable,False,false,false,3.48,3.48,lead_time_fallback,unmatched,,0
629,201,1,x8f5xyuwy9e_b7e0b8b0d65b439382afa4c79db018a7,x8F5xyUWy9e_b7e0b8b0d65b439382afa4c79db018a7.png,x8f5xyuwy9e_b7e0b8b0d65b439382afa4c79db018a7,,,semi,,,False,False,,v2_structured,normal,occlusion;reflection,acceptable,False,false,false,3.096,3.096,lead_time_fallback,ambiguous,,2
630,202,1,7y3srwle3va_1410b021e1c14f529188eb026fbb369a,7y3sRwLe3Va_1410b021e1c14f529188eb026fbb369a.png,7y3srwle3va_1410b021e1c14f529188eb026fbb369a,,,semi,,,False,False,,v2_structured,normal,reflection,acceptable,False,false,false,4.207,4.207,lead_time_fallback,ambiguous,,2
631,203,1,wc2jmjhgnzb_0caf634967404e889bf227539d7eaa0f,wc2JMjhGNzB_0caf634967404e889bf227539d7eaa0f.png,wc2jmjhgnzb_0caf634967404e889bf227539d7eaa0f,,,semi,,,False,False,,v2_structured,normal,occlusion;reflection,acceptable,False,false,false,4.304,4.304,lead_time_fallback,ambiguous,,2
632,204,1,uNb9QFRL6hY_2d80f7d125794c87aee34d9d46a78304,uNb9QFRL6hY_2d80f7d125794c87aee34d9d46a78304.png,unb9qfrl6hy_2d80f7d125794c87aee34d9d46a78304,semiauto_test,semi,semi,SemiAuto_Test,semiauto_test,False,False,,v2_structured,normal,occlusion;reflection,acceptable,False,false,false,6.696,6.696,lead_time_fallback,matched_by_title_condition,stage3_semiauto_test:16,2
633,205,1,rPc6DW4iMge_cabddb2506ee4bfcb2a1bcfa6625fe28,rPc6DW4iMge_cabddb2506ee4bfcb2a1bcfa6625fe28.png,rpc6dw4imge_cabddb2506ee4bfcb2a1bcfa6625fe28,validation_semi,semi,semi,Validation_semi,validation_semi,False,False,,v2_structured,normal,occlusion;reflection,acceptable,False,false,false,2.981,2.981,lead_time_fallback,matched_by_title,stage3_validation_semi:26,1
634,206,1,b6bynegpmks_29138c57da06404d8a009f0deb20537f,B6ByNegPMKs_29138c57da06404d8a009f0deb20537f.png,b6bynegpmks_29138c57da06404d8a009f0deb20537f,,,semi,,,False,False,,v2_structured,normal,occlusion;reflection,acceptable,False,false,false,3.279,3.279,lead_time_fallback,unmatched,,0
636,207,1,X7HyMhZNoso_2bb4931911e4412cb51f6437a82c5b6c,X7HyMhZNoso_2bb4931911e4412cb51f6437a82c5b6c.png,x7hymhznoso_2bb4931911e4412cb51f6437a82c5b6c,validation_semi,semi,semi,Validation_semi,validation_semi,False,False,,v2_structured,normal,occlusion;reflection,acceptable,False,false,false,3.485,3.485,lead_time_fallback,matched_by_title,stage3_validation_semi:33,1
638,208,1,wc2JMjhGNzB_afdf0c43bc4f4daab702050ad1173e78,wc2JMjhGNzB_afdf0c43bc4f4daab702050ad1173e78.png,wc2jmjhgnzb_afdf0c43bc4f4daab702050ad1173e78,semiauto_test,semi,semi,SemiAuto_Test,semiauto_test,False,False,,v2_structured,normal,occlusion;reflection,acceptable,False,false,false,2.754,2.754,lead_time_fallback,matched_by_title_condition,stage3_semiauto_test:35,2
640,209,1,uNb9QFRL6hY_9b675f28ab5f4345bf06ed5c77097426,uNb9QFRL6hY_9b675f28ab5f4345bf06ed5c77097426.png,unb9qfrl6hy_9b675f28ab5f4345bf06ed5c77097426,gold_manual,manual,semi,Gold_manual,gold_manual,False,False,,v2_structured,normal,occlusion;reflection,acceptable,False,false,false,3.556,3.556,lead_time_fallback,matched_by_title,stage3_gold_manual:10,1
641,210,1,uNb9QFRL6hY_23ed105b1f0f48bbb6ec025df9d313e7,uNb9QFRL6hY_23ed105b1f0f48bbb6ec025df9d313e7.png,unb9qfrl6hy_23ed105b1f0f48bbb6ec025df9d313e7,semiauto_test,semi,semi,SemiAuto_Test,semiauto_test,False,False,,v2_structured,normal,occlusion;reflection,acceptable,False,false,false,2.767,2.767,lead_time_fallback,matched_by_title_condition,stage3_semiauto_test:92,2
643,211,1,rpc6dw4imge_2c16cbd610cf4e1b92b2830f51c07e32,rPc6DW4iMge_2c16cbd610cf4e1b92b2830f51c07e32.png,rpc6dw4imge_2c16cbd610cf4e1b92b2830f51c07e32,,,semi,,,False,False,,v2_structured,normal,trivial;reflection,acceptable,False,false,false,7.746,7.746,lead_time_fallback,ambiguous,,2
644,212,1,wc2jmjhgnzb_026ce91a981c4de3bb9fd2daeb99ec2b,wc2JMjhGNzB_026ce91a981c4de3bb9fd2daeb99ec2b.png,wc2jmjhgnzb_026ce91a981c4de3bb9fd2daeb99ec2b,,,semi,,,False,False,,v2_structured,normal,occlusion;reflection,acceptable,False,false,false,3.711,3.711,lead_time_fallback,unmatched,,0
645,213,1,wc2JMjhGNzB_479b5e13d201492086bb3b69be5b124d,wc2JMjhGNzB_479b5e13d201492086bb3b69be5b124d.png,wc2jmjhgnzb_479b5e13d201492086bb3b69be5b124d,prescreen_manual,manual,semi,PreScreen_manual,prescreen_manual,False,False,,v2_structured,normal,occlusion;reflection,acceptable,False,false,false,9.718,9.718,lead_time_fallback,matched_by_title,stage1_prescreen_manual:17,1
646,214,1,q9vso1vncic_ca6944f5dd334193bb86058ba5ab5dc3,q9vSo1VnCiC_ca6944f5dd334193bb86058ba5ab5dc3.png,q9vso1vncic_ca6944f5dd334193bb86058ba5ab5dc3,,,semi,,,False,False,,v2_structured,normal,occlusion;reflection,acceptable,False,false,false,16.804,16.804,lead_time_fallback,unmatched,,0
653,215,1,wc2JMjhGNzB_9d8a625f48194382a0bfb748b1126069,wc2JMjhGNzB_9d8a625f48194382a0bfb748b1126069.png,wc2jmjhgnzb_9d8a625f48194382a0bfb748b1126069,semiauto_test,semi,semi,SemiAuto_Test,semiauto_test,False,False,,v2_structured,normal,occlusion;reflection,acceptable,False,false,false,8.568,8.568,lead_time_fallback,matched_by_title_condition,stage3_semiauto_test:61,2
654,216,1,yqstnuAEVhm_700c8b94ab594ac1910e650da9f93c18,yqstnuAEVhm_700c8b94ab594ac1910e650da9f93c18.png,yqstnuaevhm_700c8b94ab594ac1910e650da9f93c18,pilot_manual,manual,semi,Pilot,pilot_manual,False,False,,v2_structured,normal,occlusion;reflection,acceptable,False,false,false,11.363,11.363,lead_time_fallback,matched_by_title,stage0_pilot_manual:4,1
655,217,1,q9vSo1VnCiC_b691f1462d2b4d2cbc501f676af8ca1f,q9vSo1VnCiC_b691f1462d2b4d2cbc501f676af8ca1f.png,q9vso1vncic_b691f1462d2b4d2cbc501f676af8ca1f,pilot_manual,manual,semi,Pilot,pilot_manual,False,False,,v2_structured,normal,occlusion;reflection,acceptable,False,false,false,8.162,8.162,lead_time_fallback,matched_by_title,stage0_pilot_manual:14,1
657,218,1,unb9qfrl6hy_6d10858fd25f4c06883c28694ade2c00,uNb9QFRL6hY_6d10858fd25f4c06883c28694ade2c00.png,unb9qfrl6hy_6d10858fd25f4c06883c28694ade2c00,,,semi,,,False,False,,v2_structured,normal,occlusion;reflection,acceptable,False,false,false,5.242,5.242,lead_time_fallback,ambiguous,,2
658,219,1,uNb9QFRL6hY_dcbe971afee14c57beb3c76980ead77a,uNb9QFRL6hY_dcbe971afee14c57beb3c76980ead77a.png,unb9qfrl6hy_dcbe971afee14c57beb3c76980ead77a,prescreen_semi,semi,semi,PreScreen_semi,prescreen_semi,False,False,clean,v2_structured,normal,occlusion;reflection,acceptable,False,false,false,5.518,5.518,lead_time_fallback,matched_by_title,stage1_prescreen_semi:3,1
660,220,1,yqstnuAEVhm_64ea2c01d6184c35a9575a3e585a9b75,yqstnuAEVhm_64ea2c01d6184c35a9575a3e585a9b75.png,yqstnuaevhm_64ea2c01d6184c35a9575a3e585a9b75,validation_semi,semi,semi,Validation_semi,validation_semi,False,False,,v2_structured,normal,occlusion;reflection,acceptable,False,false,false,26.625,26.625,lead_time_fallback,matched_by_title,stage3_validation_semi:10,1
